titles,images,ratings,prices
"Pixel 8 5G (Obsidian, 256 GB) (8 GB RAM)",https://m.media-amazon.com/images/I/61FRNxeKcML._AC_UY218_.jpg,No Rating,"₹62,999"
"Pixel 8a 5G (Obsidian, 8GB RAM, 128GB Storage)",https://m.media-amazon.com/images/I/61NsUY3izoL._AC_UY218_.jpg,No Rating,"₹43,900"
"iQOO Z9s 5G (Onyx Green, 8GB RAM, 256GB Storage) | 120 Hz 3D Curved AMOLED Display | 5500 mAh Ultra-Thin Battery | Dimesity 7300 5G Processor | Sony IMX882 OIS Camera with Aura Light",https://m.media-amazon.com/images/I/61nO5YRaAxL._AC_UY218_.jpg,No Rating,"₹21,999"
"Redmi 13C (Stardust Black, 4GB RAM, 128GB Storage) | Powered by 4G Mediatek Helio G85 | 90Hz Display | 50MP AI Triple Camera",https://m.media-amazon.com/images/I/71d1ytcCntL._AC_UY218_.jpg,4.1 out of 5 stars,"₹7,698"
POCO C65 (Pastel Blue 4GB RAM 128GB Storage),https://m.media-amazon.com/images/I/51Zjp5fq1EL._AC_UY218_.jpg,4.0 out of 5 stars,"₹6,799"
"realme NARZO N61 (Voyage Blue,6GB RAM+128GB Storage) 90Hz Eye Comfort Display | IP54 Dust & Water Resistance | 48-Month Fluency | Charger in The Box",https://m.media-amazon.com/images/I/71k1NTr2TnL._AC_UY218_.jpg,3.6 out of 5 stars,"₹8,499"
"Redmi 13C 5G (Startrail Silver, 4GB RAM, 128GB Storage) | MediaTek Dimensity 6100+ 5G | 90Hz Display",https://m.media-amazon.com/images/I/81Z1scL6HvL._AC_UY218_.jpg,4.0 out of 5 stars,"₹10,499"
"Redmi 13C (Starshine Green, 4GB RAM, 128GB Storage) | Powered by 4G MediaTek Helio G85 | 90Hz Display | 50MP AI Triple Camera",https://m.media-amazon.com/images/I/71hj88T5aBL._AC_UY218_.jpg,4.1 out of 5 stars,"₹7,698"
"OnePlus Nord CE 3 Lite 5G (Chromatic Gray, 8GB RAM, 128GB Storage)",https://m.media-amazon.com/images/I/61LB+d0vheL._AC_UY218_.jpg,4.2 out of 5 stars,"₹16,644"
"realme NARZO N61 (Voyage Blue,4GB RAM+64GB Storage) 90Hz Eye Comfort Display | IP54 Dust & Water Resistance | 48-Month Fluency | Charger in The Box",https://m.media-amazon.com/images/I/71k1NTr2TnL._AC_UY218_.jpg,3.6 out of 5 stars,"₹7,499"
BHEEMTEK 60volts 8amp Charger Suitable for 60 v Battery Pack Scooters with T Connector (3-pin) Connector 69.35V Cut Off.,https://m.media-amazon.com/images/I/717GauruS4L._AC_UY218_.jpg,5.0 out of 5 stars,"₹3,999"
"E-Sell Enterprise, Nillkin CamShield Pro Cover Case for Samsung Galaxy S23 (6.1�Inch) Slide Camera Protection, Anti-Scratch & Shockproof Protective Slim Case for Galaxy S23 (Black)",https://m.media-amazon.com/images/I/51Uie8iLccL._AC_UY218_.jpg,No Rating,"₹1,899"
"OnePlus Nord CE4 Lite 5G (Super Silver, 8GB RAM, 128GB Storage)",https://m.media-amazon.com/images/I/61Io5-ojWUL._AC_UY218_.jpg,4.1 out of 5 stars,"₹19,999"
POCO C65 (Pastel Green 4GB RAM 128GB Storage),https://m.media-amazon.com/images/I/51NkHXXapeL._AC_UY218_.jpg,4.0 out of 5 stars,"₹6,799"
"Redmi 13C 5G (Startrail Green, 4GB RAM, 128GB Storage) | MediaTek Dimensity 6100+ 5G | 90Hz Display",https://m.media-amazon.com/images/I/81KFSdWCCEL._AC_UY218_.jpg,4.0 out of 5 stars,"₹10,499"
"iQOO Z9 Lite 5G (Aqua Flow, 6GB RAM, 128GB Storage) | Dimensity 6300 5G | 50MP Sony AI Camera | Charger in The Box",https://m.media-amazon.com/images/I/61WZicN+coL._AC_UY218_.jpg,3.9 out of 5 stars,"₹11,499"
Nokia G42 5G | Snapdragon® 480+ 5G | 50MP Triple AI Camera | 11GB RAM (6GB RAM + 5GB Virtual RAM) | 128GB Storage | 5000mAh Battery | 2 Years Android Upgrades | 20W Charger Included | So Grey,https://m.media-amazon.com/images/I/71oIjjNm+nL._AC_UY218_.jpg,3.9 out of 5 stars,"₹11,499"
"realme NARZO N65 5G (Amber Gold 6GB RAM, 128GB Storage) India's 1st D6300 5G Chipset | Ultra Slim Design | 120Hz Eye Comfort Display | 50MP AI Camera| Charger in The Box",https://m.media-amazon.com/images/I/71ocQY+G2XL._AC_UY218_.jpg,4.2 out of 5 stars,"₹12,498"
"realme NARZO N61 (Marble Black,6GB RAM+128GB Storage) 90Hz Eye Comfort Display | IP54 Dust & Water Resistance | 48-Month Fluency | Charger in The Box",https://m.media-amazon.com/images/I/71-NQgckRZL._AC_UY218_.jpg,3.6 out of 5 stars,"₹8,499"
POCO C65(Matte Black 6GB RAM 128GB Storage),https://m.media-amazon.com/images/I/51PQfSwIqyL._AC_UY218_.jpg,4.0 out of 5 stars,"₹7,499"
"MOCA [Flexible Back] Case for 10.2 inch iPad 9th 8th 7th Generation 10.2"" iPads 2021 2020 2019 Launch A2603 A2604 A2605 A2270 A2428 A2429 A2430 A2197 A2198 A2200 Flip Cover",https://m.media-amazon.com/images/I/514jmB5huXL._AC_UY218_.jpg,4.2 out of 5 stars,₹635
TSIM Thailand SIM Card for Tourist | 30GB Data | 5G Network with Hotspot/Tethering | Local & India Calls Included | DTAC International SIM Card |Valid for 15 Days.,https://m.media-amazon.com/images/I/81P7Zb5xmPL._AC_UY218_.jpg,4.4 out of 5 stars,"₹1,589"
MOCA [Translucent Soft Air-Cushioned Back] Smart Flip Cover Case for iPad 9.7 inch 2018 2017 iPad 6 6th iPad 5 5th Generation A1822 A1823 A1893 A1954 iPad Flip Cover Case (Pink),https://m.media-amazon.com/images/I/51takE1ql5L._AC_UY218_.jpg,4.1 out of 5 stars,₹678
"Spigen OneTap Pro 3 (MagFit) Designed for MagSafe Wireless Charger Dashboard, Windshield, & Screen Car Mount Compatible with iPhone 15 Pro Max, 15 Pro, 15 Plus, 15, 14, 13, and 12 Series",https://m.media-amazon.com/images/I/611OLQsffbL._AC_UY218_.jpg,4.0 out of 5 stars,"₹3,059"
"realme NARZO 70x 5G (Ice Blue, 6GB RAM,128GB Storage)|120Hz Ultra Smooth Display|Dimensity 6100+ 6nm 5G|50MP AI Camera|45W Charger in The Box",https://m.media-amazon.com/images/I/71nMx5PxibL._AC_UY218_.jpg,4.0 out of 5 stars,"₹12,999"
"POCO M6 5G (Orion Blue, 6GB RAM, 128GB Storage)",https://m.media-amazon.com/images/I/71GKbs-kJ1L._AC_UY218_.jpg,3.9 out of 5 stars,"₹9,999"
"Redmi 13C (Starfrost White, 6GB RAM, 128GB Storage) | Powered by 4G MediaTek Helio G85 | 90Hz Display | 50MP AI Triple Camera",https://m.media-amazon.com/images/I/71scmEdSC2L._AC_UY218_.jpg,4.1 out of 5 stars,"₹8,498"
Redmi 12 5G Pastel Blue 8GB RAM 256GB ROM,https://m.media-amazon.com/images/I/71UIZHHo5hL._AC_UY218_.jpg,4.0 out of 5 stars,"₹13,998"
"iQOO Z9 Lite 5G (Aqua Flow, 4GB RAM, 128GB Storage) | Dimensity 6300 5G | 50MP Sony AI Camera | Charger in The Box",https://m.media-amazon.com/images/I/61WZicN+coL._AC_UY218_.jpg,3.9 out of 5 stars,"₹10,499"
"Oneplus Nord CE4 (Dark Chrome, 8GB RAM, 256GB Storage)",https://m.media-amazon.com/images/I/61g1pqSjAhL._AC_UY218_.jpg,4.2 out of 5 stars,"₹26,999"
Redmi 12 5G Jade Black 8GB RAM 256GB ROM,https://m.media-amazon.com/images/I/71tCOhEigtL._AC_UY218_.jpg,4.0 out of 5 stars,"₹13,998"
"realme NARZO N65 5G (Deep Green 6GB RAM, 128GB Storage) India's 1st D6300 5G Chipset | Ultra Slim Design | 120Hz Eye Comfort Display | 50MP AI Camera| Charger in The Box",https://m.media-amazon.com/images/I/710qN4eow2L._AC_UY218_.jpg,4.2 out of 5 stars,"₹12,498"
BHEEMTEK 72v 12amp Charger Suitable for oakinawa Praise Plus/Praise pro with chogori Connector.,https://m.media-amazon.com/images/I/71NqzvA4ZGL._AC_UY218_.jpg,3.7 out of 5 stars,"₹7,399"
BHEEMTEK 72 volts 12amp Fast Charger Suitable for Oakinawa Praise Plus/pro Scooter with 2 pin Connector (D-Type) 84 volts cutoff,https://m.media-amazon.com/images/I/718pRoLs77L._AC_UY218_.jpg,4.0 out of 5 stars,"₹6,799"
"Redmi 13C 5G (Starlight Black, 4GB RAM, 128GB Storage) | MediaTek Dimensity 6100+ 5G | 90Hz Display",https://m.media-amazon.com/images/I/81nMsYgIHdL._AC_UY218_.jpg,4.0 out of 5 stars,"₹10,499"
"realme NARZO 70 Pro 5G (Glass Green, 8GB RAM,256GB Storage) Dimensity 7050 5G Chipset | Horizon Glass Design | Segment 1st Flagship Sony IMX890 OIS Camera",https://m.media-amazon.com/images/I/71-ZHpmFzDL._AC_UY218_.jpg,4.1 out of 5 stars,"₹18,998"
"Motorola G64 5G (Ice Lilac, 12GB RAM, 256GB Storage) | Expandable Upto 2TB | Upto 24GB RAM with RAM Boost | 50MP (OIS) + 8MP | 16MP Front Camera | MediaTek Dimensity 7025 Processor | 6000 mAh Battery",https://m.media-amazon.com/images/I/71ynZLgkkBL._AC_UY218_.jpg,3.9 out of 5 stars,"₹17,499"
"Lava Blaze 5G (Glass Green, 6GB RAM, UFS 2.2 128GB Storage) | 5G Ready | 50MP AI Triple Camera | Upto 11GB Expandable RAM | Charger Included | Clean Android (No Bloatware)",https://m.media-amazon.com/images/I/51jyWjssSAL._AC_UY218_.jpg,4.0 out of 5 stars,"₹9,799"
"Samsung Galaxy M15 5G (Celestial Blue,6GB RAM,128GB Storage)| 50MP Triple Cam| 6000mAh Battery|MediaTek Dimensity 6100+| 4 Gen. OS Upgrade & 5 Year Security Update|Super AMOLED Display|Without Charger",https://m.media-amazon.com/images/I/81HaKFx7EGL._AC_UY218_.jpg,3.8 out of 5 stars,"₹14,499"
"OnePlus Nord CE 3 Lite 5G (Chromatic Gray, 8GB RAM, 256GB Storage)",https://m.media-amazon.com/images/I/61LB+d0vheL._AC_UY218_.jpg,4.2 out of 5 stars,"₹18,449"
"Samsung Galaxy M14 4G (Sapphire Blue,4GB,64GB) | 50MP Triple Cam | 5000mAh Battery | Snapdragon 680 Processor | 2 Gen. OS Upgrade & 4 Year Security Update | 8GB RAM with RAM Plus | Without Charger",https://m.media-amazon.com/images/I/913EiorAS0L._AC_UY218_.jpg,3.8 out of 5 stars,"₹8,465"
Redmi 12 5G Moonstone Silver 8GB RAM 256GB ROM,https://m.media-amazon.com/images/I/61SmnheBBRL._AC_UY218_.jpg,4.0 out of 5 stars,"₹13,998"
BHEEMTEK 60 volt 08amp Fast Charger Suitable for Ampere Magnus EX (2+4) Connector with 67.2v cut off voltage,https://m.media-amazon.com/images/I/71zOsJhvxTL._AC_UY218_.jpg,No Rating,"₹5,999"
MOCA Rotating Flip case Cover for Samsung Galaxy Tab S6 Lite 10.4 Inch SM- P610 P615 Stand flip Cover case (Black) (H483579),https://m.media-amazon.com/images/I/61DdVdqqguL._AC_UY218_.jpg,4.2 out of 5 stars,₹459
BHEEMTEK 72 volt 04amp Fast Charger for Suitable for 72v Sealed Lead Acid Battery (6 batteries) with T connector (3-pin) connector.,https://m.media-amazon.com/images/I/71Z8kSMiV4L._AC_UY218_.jpg,2.0 out of 5 stars,"₹2,999"
Spigen Ultra Hybrid Back Cover Case for iPhone Xs | iPhone X (TPU + Poly Carbonate | Matte Black),https://m.media-amazon.com/images/I/61rnL12o1NL._AC_UY218_.jpg,4.3 out of 5 stars,"₹1,109"
"Samsung Galaxy M14 4G (Arctic Blue,4GB,64GB) | 50MP Triple Cam | 5000mAh Battery | Snapdragon 680 Processor | 2 Gen. OS Upgrade & 4 Year Security Update | 8GB RAM with RAM Plus | Without Charger",https://m.media-amazon.com/images/I/81juPhKSZJL._AC_UY218_.jpg,3.9 out of 5 stars,"₹8,108"
"iQOO Z9 Lite 5G (Mocha Brown, 6GB RAM, 128GB Storage) | Dimensity 6300 5G | 50MP Sony AI Camera | Charger in The Box",https://m.media-amazon.com/images/I/619VJYWIbXL._AC_UY218_.jpg,3.9 out of 5 stars,"₹11,499"
"realme NARZO N61 (Marble Black, 4GB RAM+64GB Storage) 90Hz Eye Comfort Display | IP54 Dust & Water Resistance | 48-Month Fluency | Charger in The Box",https://m.media-amazon.com/images/I/71-NQgckRZL._AC_UY218_.jpg,3.6 out of 5 stars,"₹7,499"
"Redmi 13C (Starshine Green, 6GB RAM, 128GB Storage) | Powered by 4G MediaTek Helio G85 | 90Hz Display | 50MP AI Triple Camera",https://m.media-amazon.com/images/I/71hj88T5aBL._AC_UY218_.jpg,4.1 out of 5 stars,"₹8,498"
POCO C65 (Matte Black 4GB RAM 128GB Storage),https://m.media-amazon.com/images/I/51PQfSwIqyL._AC_UY218_.jpg,4.0 out of 5 stars,"₹6,799"
Motorola G04s 4G (4GB RAM & 64GB Storage) (Sunrise Orange),https://m.media-amazon.com/images/I/71yIJ2IFItL._AC_UY218_.jpg,5.0 out of 5 stars,"₹7,380"
"Redmi 13C (Starfrost White, 4GB RAM, 128GB Storage) | Powered by 4G MediaTek Helio G85 | 90Hz Display | 50MP AI Triple Camera",https://m.media-amazon.com/images/I/71scmEdSC2L._AC_UY218_.jpg,4.1 out of 5 stars,"₹7,698"
"OnePlus Nord CE4 Lite 5G (Ultra Orange, 8GB RAM, 128GB Storage)",https://m.media-amazon.com/images/I/51KJE22BKrL._AC_UY218_.jpg,4.1 out of 5 stars,"₹19,999"
"Neopack 15W Transformer Foldable Wireless Charging Stand for Apple Devices, 3 in 1 Wireless Charger for iWatch and Airpods, Compatible with iPhone 15/14/13/12 Series (Grey)",https://m.media-amazon.com/images/I/41qoYSfr4nL._AC_UY218_.jpg,4.3 out of 5 stars,"₹4,500"
Satnam Communication : Kdm Km-CH365 20W Charger,https://m.media-amazon.com/images/I/31bdEmTLKCL._AC_UY218_.jpg,No Rating,₹799
"Motorola Edge 50 Fusion 5G (Hot Pink, 12GB RAM, 256GB Storage)",https://m.media-amazon.com/images/I/71m+dNHzoGL._AC_UY218_.jpg,4.1 out of 5 stars,"₹27,720"
"POCO M6 5G (Galactic Black,6GB RAM, 128GB Storage) | MediaTek Dimensity 6100+ 5G Processor | 5000 mAh Battery + 18W Fast Charging | 50 MP AI Dual-Camera System & Side Fingerprint Sensor",https://m.media-amazon.com/images/I/71b0T9mkV3L._AC_UY218_.jpg,3.9 out of 5 stars,"₹9,999"
"POCO M6 5G (Galactic Black, 4GB RAM, 128GB Storage) | MediaTek Dimensity 6100+ 5G Processor | 5000 mAh Battery + 18W Fast Charging | 50 MP AI Dual-Camera System & Side Fingerprint Sensor",https://m.media-amazon.com/images/I/717hl0-ljZL._AC_UY218_.jpg,3.9 out of 5 stars,"₹8,999"
"Redmi 13C 5G (Starlight Black, 6GB RAM, 128GB Storage) | MediaTek Dimensity 6100+ 5G | 90Hz Display",https://m.media-amazon.com/images/I/81nMsYgIHdL._AC_UY218_.jpg,4.0 out of 5 stars,"₹11,999"
"OnePlus Nord CE 3 Lite 5G (Pastel Lime, 8GB RAM, 256GB Storage)",https://m.media-amazon.com/images/I/61QRgOgBx0L._AC_UY218_.jpg,4.2 out of 5 stars,"₹18,190"
"realme GT 6T 5G (Fluid Silver,8GB RAM+128GB Storage) | India's 1st 7+ Gen 3 Flagship Chipset | 1.5M+AnTuTu Score | 5500mAh+120W | The World's Brightest Flagship Display",https://m.media-amazon.com/images/I/71ftthp966L._AC_UY218_.jpg,4.4 out of 5 stars,"₹30,999"
"realme NARZO N63 (Leather Blue, 4GB RAM+128GB Storage) 45W Fast Charge | 5000mAh Durable Battery | 7.74mm Ultra Slim | 50MP AI Camera | AI Boost",https://m.media-amazon.com/images/I/81JjTw28j8L._AC_UY218_.jpg,4.0 out of 5 stars,"₹8,998"
"itel A50|6.6"" HD+ Display with Dynamic Bar| 3GB RAM +64GB ROM, Upto 8GB RAM with Memory Fusion|Octacore Processor|8MP AI Dual Rear Cam|5000 mAh Battery | Misty Black",https://m.media-amazon.com/images/I/71i5SeyO58L._AC_UY218_.jpg,4.5 out of 5 stars,"₹5,999"
BHEEMTEK 48volts 20amp Fast Charger Suitable for 48v Lead aid Battery (4 Batteries) with 50Amp Anderson,https://m.media-amazon.com/images/I/61EK4YBFtVL._AC_UY218_.jpg,5.0 out of 5 stars,"₹5,299"
MHR Document Organizer Bag Multilayer Travel File Organiser Document Storage Bag with Lock Waterproof File Folders Bag for Certificates & Document Safe Pouch Bag for Home Office Travel (Grey),https://m.media-amazon.com/images/I/61tcWuuijKL._AC_UY218_.jpg,4.2 out of 5 stars,₹498
"Spigen OneTap 3 (MagFit) Designed for MagSafe Dashboard, Windshield, & Screen Car Mount Compatible with iPhone 15 Pro Max, 15 Pro, 15 Plus, 15, 14, 13, and 12 Series",https://m.media-amazon.com/images/I/61QRqoQU9iL._AC_UY218_.jpg,4.1 out of 5 stars,"₹2,804"
"Aliens World 96W Car Power with Dual Output,96 Watts Total (66W USB + 30W Type C PD), Fast Charging, Adapter for iPhone & Android Smartphones and Tablets with 3 in 1 Data Cable (Black)",https://m.media-amazon.com/images/I/61itJycdkdL._AC_UY218_.jpg,5.0 out of 5 stars,"₹1,519"
"realme NARZO 70 5G (Forest Green,8GB RAM, 128GB Storage | Dimensity 7050 5G Chipset | 120Hz AMOLED Display | 50MP Primary Camera | 45W Charger in The Box",https://m.media-amazon.com/images/I/714BfLMFR6L._AC_UY218_.jpg,4.0 out of 5 stars,"₹13,999"
"realme 12 5G (Woodland Green, 8GB RAM 128 GB Storage) | 108 MP 3X Zoom Portrait Camera | Trendy Watch Design | 45 W SUPERVOOC Charge | 5000 mAh Massive Battery | Dual Stereo Speakers | Dynamic Button",https://m.media-amazon.com/images/I/610rGG8jMsL._AC_UY218_.jpg,4.0 out of 5 stars,"₹14,699"
POCO M6 Pro 5G (128 GB) (6 GB RAM) (Power Black),https://m.media-amazon.com/images/I/51dGqSFNrDL._AC_UY218_.jpg,3.8 out of 5 stars,"₹10,999"
"iQOO Z7 Pro 5G (Blue Lagoon, 8GB RAM, 256GB Storage) | 3D Curved AMOLED Display | 4nm MediaTek Dimesity 7200 5G Processor | 64MP Aura Light OIS Camera | Segment's Slimmest & Lightest Smartphone",https://m.media-amazon.com/images/I/61Id6WJDWqL._AC_UY218_.jpg,4.3 out of 5 stars,"₹21,998"
"Samsung Galaxy F15 5G (Groovy Violet, 6GB RAM, 128 GB Storage)",https://m.media-amazon.com/images/I/71zwWBcSUML._AC_UY218_.jpg,3.8 out of 5 stars,"₹13,398"
"Samsung Galaxy S21 FE 5G (Graphite, 8GB RAM, 256GB Storage) with Snapdragon 888 Processor",https://m.media-amazon.com/images/I/81vqHyDCSCL._AC_UY218_.jpg,3.8 out of 5 stars,"₹25,499"
"iQOO Z9x 5G (Tornado Green, 6GB RAM, 128GB Storage) | Snapdragon 6 Gen 1 with 560k+ AnTuTu Score | 6000mAh Battery with 7.99mm Slim Design | 44W FlashCharge",https://m.media-amazon.com/images/I/61wHkeTOhWL._AC_UY218_.jpg,4.1 out of 5 stars,"₹14,498"
"Samsung Galaxy M15 5G (Blue Topaz,6GB RAM,128GB Storage)| 50MP Triple Cam| 6000mAh Battery| MediaTek Dimensity 6100+| 4 Gen. OS Upgrade & 5 Year Security Update| Super AMOLED Display| Without Charger",https://m.media-amazon.com/images/I/81BTRVfsuFL._AC_UY218_.jpg,3.8 out of 5 stars,No Price
"Aliens World PD4.8A +24 Watt PD+USB Fast Car Charger with Dual Output,24 Watts,Fast Charging, Adapter for iPhone & Android Smartphones and Tablets with 3 in 1 Data Cable (Black)",https://m.media-amazon.com/images/I/61bwO4Jvo9L._AC_UY218_.jpg,5.0 out of 5 stars,₹759
"Spigen OneTap (MagFit) Designed for MagSafe Dashboard, Windshield, & Screen Car Mount Compatible with iPhone 15 Pro Max, 15 Pro, 15 Plus, 15, 14, 13, and 12 Series",https://m.media-amazon.com/images/I/51lVloqro6L._AC_UY218_.jpg,4.3 out of 5 stars,"₹2,219"
"OnePlus Nord CE 3 Lite 5G (Pastel Lime, 8GB RAM, 128GB Storage)",https://m.media-amazon.com/images/I/61QRgOgBx0L._AC_UY218_.jpg,4.2 out of 5 stars,"₹16,592"
"iQOO Z9s Pro 5G (Luxe Marble, 8GB RAM, 128GB Storage) | Snapdragon 7 Gen 3 Processor | 120 Hz Curved AMOLED Display with 4500 nits Local Peak Brightness | 5500 mAh Battery | AI Erase",https://m.media-amazon.com/images/I/61SnaL4+EFL._AC_UY218_.jpg,4.8 out of 5 stars,"₹24,999"
"Vivo T3 Lite 5G Smartphone (Vibrant Green, 6GB Ram 128GB Storage)",https://m.media-amazon.com/images/I/61VxzkiD1EL._AC_UY218_.jpg,2.0 out of 5 stars,"₹12,236"
"Samsung Galaxy S21 FE 5G (Navy, 8GB RAM, 256GB Storage) with Snapdragon 888 Processor",https://m.media-amazon.com/images/I/81JHcYDLcHL._AC_UY218_.jpg,3.8 out of 5 stars,"₹27,749"
"Vivo T3 Lite 5G Smartphone (Majestic Black, 6GB Ram 128GB Storage)",https://m.media-amazon.com/images/I/51mJWpZRLmL._AC_UY218_.jpg,3.8 out of 5 stars,"₹12,095"
"iQOO Z9 Lite 5G (Mocha Brown, 4GB RAM, 128GB Storage) | Dimensity 6300 5G | 50MP Sony AI Camera | Charger in The Box",https://m.media-amazon.com/images/I/619VJYWIbXL._AC_UY218_.jpg,3.9 out of 5 stars,"₹10,499"
"iQOO Z9x 5G (Storm Grey, 4GB RAM, 128GB Storage) | Snapdragon 6 Gen 1 with 560k+ AnTuTu Score | 6000mAh Battery with 7.99mm Slim Design | 44W FlashCharge",https://m.media-amazon.com/images/I/61sY8BGOyEL._AC_UY218_.jpg,4.1 out of 5 stars,"₹12,998"
"HONOR X9b 5G (Midnight Black, 8GB + 256GB) | India's First Ultra-Bounce Anti-Drop Curved AMOLED Display | 5800mAh Battery | 108MP Primary Camera | Without Charger",https://m.media-amazon.com/images/I/71dGNC6hjHL._AC_UY218_.jpg,3.8 out of 5 stars,"₹25,998"
BHEEMTEK 72 Volt 12amp Fast Charger for Suitable for 72 Volt Battery Pack Scooter with 3 pin Connector (T -Connector),https://m.media-amazon.com/images/I/814W0JdqnML._AC_UY218_.jpg,5.0 out of 5 stars,"₹6,499"
BHEEMTEK 60volts 8amp Charger Suitable for 60 v Battery Pack Scooters with T Connector (3-pin) Connector 71.4V Cut Off.,https://m.media-amazon.com/images/I/717GauruS4L._AC_UY218_.jpg,No Rating,"₹4,199"
"Spigen OneTap (MagFit) Designed for MagSafe Air Vent Car Mount with Detachable Swing Arm for Optimal Airflow Compatible with iPhone 15 Pro Max, 15 Pro, 15 Plus, 15, 14, 13, and 12 Series",https://m.media-amazon.com/images/I/515dczdHzSL._AC_UY218_.jpg,4.2 out of 5 stars,"₹2,186"
"POCO X6 5G (Snowstorm White, 12 GB RAM 512 GB Storage)",https://m.media-amazon.com/images/I/51nR5QYbGQL._AC_UY218_.jpg,4.1 out of 5 stars,"₹21,999"
"iQOO Z9x 5G (Storm Grey, 6GB RAM, 128GB Storage) | Snapdragon 6 Gen 1 with 560k+ AnTuTu Score | 6000mAh Battery with 7.99mm Slim Design | 44W FlashCharge",https://m.media-amazon.com/images/I/61sY8BGOyEL._AC_UY218_.jpg,4.1 out of 5 stars,"₹14,498"
"realme NARZO N65 5G (Deep Green 4GB RAM, 128GB Storage) India's 1st D6300 5G Chipset | Ultra Slim 190g Design | 120Hz Eye Comfort Display | 50MP AI Camera| Charger in The Box",https://m.media-amazon.com/images/I/710qN4eow2L._AC_UY218_.jpg,4.2 out of 5 stars,"₹11,498"
"realme NARZO 70 5G (Ice Blue,8GB RAM, 128GB Storage | Dimensity 7050 5G Chipset | 120Hz AMOLED Display | 50MP Primary Camera | 45W Charger in The Box",https://m.media-amazon.com/images/I/712qzWNmjFL._AC_UY218_.jpg,4.0 out of 5 stars,"₹13,999"
"realme NARZO 70 5G（Ice Blue,6GB RAM, 128GB Storage | Dimensity 7050 5G Chipset | 120Hz AMOLED Display | 50MP Primary Camera | 45W Charger in The Box",https://m.media-amazon.com/images/I/712qzWNmjFL._AC_UY218_.jpg,4.0 out of 5 stars,"₹12,999"
"Redmi 13 5G, Orchid Pink, 6GB+128GB | India Debut SD 4 Gen 2 AE | 108MP Pro Grade Camera | 6.79in Largest Display in Segment",https://m.media-amazon.com/images/I/81Q9jpYOFdL._AC_UY218_.jpg,3.8 out of 5 stars,"₹13,998"
"iQOO Z9s 5G (Titanium Matte, 8GB RAM, 128GB Storage) | 120 Hz 3D Curved AMOLED Display | 5500 mAh Ultra-Thin Battery | Dimesity 7300 5G Processor | Sony IMX882 OIS Camera with Aura Light",https://m.media-amazon.com/images/I/61BxKJrnbdL._AC_UY218_.jpg,No Rating,"₹19,999"
"POCO M6 5G (Galactic Black, 8GB RAM, 256GB Storage) | MediaTek Dimensity 6100+ 5G Processor | 5000 mAh Battery + 18W Fast Charging | 50 MP AI Dual-Camera System & Side Fingerprint Sensor",https://m.media-amazon.com/images/I/71b0T9mkV3L._AC_UY218_.jpg,3.9 out of 5 stars,"₹10,999"
"Vivo T3 Lite 5G Smartphone (Vibrant Green, 4GB Ram 128GB Storage)",https://m.media-amazon.com/images/I/61VxzkiD1EL._AC_UY218_.jpg,3.6 out of 5 stars,"₹10,960"
BHEEMTEK 72 volts 08amp Fast Charger Suitable for Oakinawa Praise Plus/pro Scooter with 2 pin Connector (D-Type) 84 volts cutoff,https://m.media-amazon.com/images/I/71YL33TpWYL._AC_UY218_.jpg,5.0 out of 5 stars,"₹4,999"
"Spigen OneTap Pro (MagFit) Designed for MagSafe Wireless Charger Air Vent Car Mount with Smart Vent Wing Compatible with iPhone 15 Pro Max, 15 Pro, 15 Plus, 15, 14, 13, and 12 Series",https://m.media-amazon.com/images/I/51AgWTBkUkS._AC_UY218_.jpg,4.2 out of 5 stars,"₹2,999"
"Samsung Galaxy M35 5G (Thunder Grey,6GB RAM,128GB Storage)| Corning Gorilla Glass Victus+| AnTuTu Score 595K+ | Vapour Cooling Chamber | 6000mAh Battery | 120Hz Super AMOLED Display| without Charger",https://m.media-amazon.com/images/I/81XXj6IKM8L._AC_UY218_.jpg,4.2 out of 5 stars,"₹19,999"
"Samsung Galaxy F15 5G (Jazzy Green, 6GB RAM, 128 GB Storage)",https://m.media-amazon.com/images/I/71ECv8YV3RL._AC_UY218_.jpg,3.8 out of 5 stars,"₹13,480"
POCO C61 Ethereal Blue 4GB RAM 64GB ROM,https://m.media-amazon.com/images/I/712tqhtIw1L._AC_UY218_.jpg,3.9 out of 5 stars,"₹6,599"
"POCO M6 Pro 5G (Power Black, 4GB RAM, 128GB Storage) | Snapdragon 4 Gen 2 | 6.79"" Large Screen with 90Hz Refresh Rate | 50 MP Dual AI Camera",https://m.media-amazon.com/images/I/51dGqSFNrDL._AC_UY218_.jpg,3.8 out of 5 stars,"₹9,499"
"Samsung Galaxy S21 FE 5G (Olive, 8GB RAM, 256GB Storage) with Snapdragon 888 Processor",https://m.media-amazon.com/images/I/815U7KIpuKL._AC_UY218_.jpg,3.8 out of 5 stars,"₹25,499"
"Redmi A3X (Olive Green, 3GB RAM, 64GB Storage) | Premium Halo Design | 90Hz Display | Powerful Octa Core Processor",https://m.media-amazon.com/images/I/81RRU5yR6eL._AC_UY218_.jpg,3.2 out of 5 stars,"₹6,999"
"Samsung Galaxy M35 5G (Moonlight Blue,6GB RAM,128GB Storage)| Corning Gorilla Glass Victus+| AnTuTu Score 595K+ | Vapour Cooling Chamber | 6000mAh Battery | 120Hz Super AMOLED Display| Without Charger",https://m.media-amazon.com/images/I/81K450cOJML._AC_UY218_.jpg,4.2 out of 5 stars,"₹19,999"
"Moto G85 5G (128, Cobalt Blue, New)",https://m.media-amazon.com/images/I/51lcV2EKggL._AC_UY218_.jpg,3.3 out of 5 stars,"₹19,464"
"VOLTME 30W USB C Charger (GaN III Tech), USB-C Power Adapter, Mini Type C Wall Charger",https://m.media-amazon.com/images/I/51v9blgDJ+L._AC_UY218_.jpg,No Rating,"₹1,999"
"3in1 Wireless Charger Compatible with iPhone 15/15 Plus/15 Pro/15 Pro Max, iPhone 14/14 Plus/14 Pro/Max, iPhone 13/12 Series Fast Charging Adaptor- White",https://m.media-amazon.com/images/I/51zzIHl6JmL._AC_UY218_.jpg,5.0 out of 5 stars,"₹1,799"
"Spigen Onetap Universal Wireless Car Charger Mount, 15W Fast Charging Auto-Clamp For Air Vent, Silent Designed For Noiseless Mounting For Iphone, Samsung, Pixel Etc, Black",https://m.media-amazon.com/images/I/71o+HDv2rAL._AC_UY218_.jpg,3.2 out of 5 stars,"₹2,379"
"POCO X6 5G (Snowstorm White, 8 GB RAM 256 GB Storage)",https://m.media-amazon.com/images/I/71mh+ppnQsL._AC_UY218_.jpg,4.1 out of 5 stars,"₹18,499"
Motorola G04s 4G (4GB RAM & 64GB Storage) (Satin Blue),https://m.media-amazon.com/images/I/71zhRSs0I+L._AC_UY218_.jpg,2.7 out of 5 stars,"₹7,249"
"Motorola Edge 50 Fusion 5G (Hot Pink, 8GB RAM, 128GB Storage)",https://m.media-amazon.com/images/I/71m+dNHzoGL._AC_UY218_.jpg,4.1 out of 5 stars,"₹23,790"
"Redmi 13 5G, Hawaiian Blue, 6GB+128GB | India Debut SD 4 Gen 2 AE | 108MP Pro Grade Camera | 6.79in Largest Display in Segment",https://m.media-amazon.com/images/I/81weRj535kL._AC_UY218_.jpg,3.8 out of 5 stars,"₹13,998"
HMD Crest Max 5G | Segment 1st 50 MP Front Cam | Triple Rear AI Cam with 64 MP Primary Sony Sensor | FHD+ OLED Display | 8 GB RAM & 256 GB Storage | Android 14 | 33W Fast Charger in Box | Deep Purple,https://m.media-amazon.com/images/I/61Q4lRPtMdL._AC_UY218_.jpg,3.8 out of 5 stars,"₹16,499"
"Vivo V30 5G (Peacock Green, 8GB RAM, 128GB Storage) without Offers",https://m.media-amazon.com/images/I/21T3sg-Du7L._AC_UY218_.jpg,3.5 out of 5 stars,"₹27,985"
"Redmi Note 13 5G (Arctic White, 12GB RAM, 256GB Storage) | 5G Ready | 120Hz Bezel-Less AMOLED | 7.mm Slimmest Note Ever | 108MP Pro-Grade Camera",https://m.media-amazon.com/images/I/71VW8LmqqPL._AC_UY218_.jpg,3.7 out of 5 stars,"₹19,998"
"iQOO Z9s Pro 5G (Luxe Marble, 12GB RAM, 256GB Storage) | Snapdragon 7 Gen 3 Processor | 120 Hz Curved AMOLED Display with 4500 nits Local Peak Brightness | 5500 mAh Battery | AI Erase",https://m.media-amazon.com/images/I/61SnaL4+EFL._AC_UY218_.jpg,4.8 out of 5 stars,"₹28,999"
"realme NARZO 70x 5G (Forest Green, 8GB RAM,128GB Storage) | 120Hz Ultra Smooth Display | Dimensity 6100+ 6nm 5G | 50MP AI Camera | 45W Charger in The Box",https://m.media-amazon.com/images/I/71h8NUTmBOL._AC_UY218_.jpg,4.0 out of 5 stars,"₹14,999"
"E-Sell Enterprise, Nillkin CamShield Pro Cover Case for Samsung Galaxy Note 20 Ultra (6.9�Inch) Slide Camera Protection, Anti-Scratch & Shockproof Protective Slim Case for Galaxy Note 20 Ultra (BLACK)",https://m.media-amazon.com/images/I/51jmXkwMhwL._AC_UY218_.jpg,No Rating,"₹1,499"
"Spigen OneTap Universal Phone Holder for Car, 2023 Upgraded Two-Joint System, Adjustable Car Mount Mobile Cradle for Dashboard/Windscreen/Touchscreen Compatible with iPhone, Samsung, and More",https://m.media-amazon.com/images/I/71tEmIZyIyL._AC_UY218_.jpg,3.8 out of 5 stars,"₹2,599"
"iQOO Z9x 5G (Storm Grey, 8GB RAM, 128GB Storage) | Snapdragon 6 Gen 1 with 560k+ AnTuTu Score | 6000mAh Battery with 7.99mm Slim Design | 44W FlashCharge",https://m.media-amazon.com/images/I/61sY8BGOyEL._AC_UY218_.jpg,4.1 out of 5 stars,"₹15,998"
"OnePlus Nord 4 5G (Oasis Green, 8GB RAM, 256GB Storage)",https://m.media-amazon.com/images/I/616wnQmPQ-L._AC_UY218_.jpg,4.1 out of 5 stars,"₹32,998"
"Redmi 13 5G, Orchid Pink, 8GB+128GB | India Debut SD 4 Gen 2 AE | 108MP Pro Grade Camera | 6.79in Largest Display in Segment",https://m.media-amazon.com/images/I/81Q9jpYOFdL._AC_UY218_.jpg,3.8 out of 5 stars,"₹15,498"
"OPPO A3X 5G (Starry Purple, 4GB RAM, 128GB Storage)|6.67” HD+ 120Hz Refresh Rate Screen | 45W SUPERVOOC|with No Cost EMI/Additional Exchange Offers",https://m.media-amazon.com/images/I/81Tx+kozw2L._AC_UY218_.jpg,5.0 out of 5 stars,"₹13,499"
"realme 12X 5G (Twilight Purple, 6GB RAM, 128GB Storage)",https://m.media-amazon.com/images/I/711kX064JHL._AC_UY218_.jpg,4.0 out of 5 stars,"₹12,445"
SAMSUNG F14 pepermint Green 4gb 64gb,https://m.media-amazon.com/images/I/41+7eX6uAHL._AC_UY218_.jpg,No Rating,"₹8,600"
"TECNO POP 8 (Gravity Black, 4GB+64GB)| 90Hz Punch Hole Display with Dynamic Port & Dual Speakers with DTS| 5000mAh Battery |10W Type-C| Side Fingerprint Sensor| Octa-Core Processor",https://m.media-amazon.com/images/I/61wbxpNaD1L._AC_UY218_.jpg,4.1 out of 5 stars,"₹6,899"
"OnePlus Nord CE4 Lite 5G (Super Silver, 8GB RAM, 256GB Storage)",https://m.media-amazon.com/images/I/61Io5-ojWUL._AC_UY218_.jpg,4.1 out of 5 stars,"₹22,999"
BHEEMTEK 72 volt 12amp Fast Charger for Suitable for 72 volt Battery Pack Okaya Fast F4 Scooter (2+4 Connector),https://m.media-amazon.com/images/I/71mcZz3JdiL._AC_UY218_.jpg,No Rating,"₹7,499"
Apple iPhone 14 Plus (128 GB) - Purple,https://m.media-amazon.com/images/I/61YSNhAb00L._AC_UY218_.jpg,4.5 out of 5 stars,"₹64,999"
"E-Sell Enterprise, Nillkin CamShield Pro Cover Case for Samsung Galaxy S23 Plus (6.6�Inch) Slide Camera Protection, Anti-Scratch & Shockproof Protective Slim Case for Galaxy S23 Plus (Black)",https://m.media-amazon.com/images/I/51Uie8iLccL._AC_UY218_.jpg,No Rating,"₹1,698"
Spigen Ultra Hybrid Back Cover Case for iPhone SE 2022 | iPhone SE 2020 | iPhone 7 | iPhone 8 (TPU + Poly Carbonate | Crystal Clear),https://m.media-amazon.com/images/I/71p1-HhPvpL._AC_UY218_.jpg,4.4 out of 5 stars,"₹1,109"
SAMSUNG F14 pepermint Green 4gb 64gb,https://m.media-amazon.com/images/I/41+7eX6uAHL._AC_UY218_.jpg,No Rating,"₹8,600"
"Oneplus Nord CE4 (Dark Chrome, 8GB RAM, 128GB Storage)",https://m.media-amazon.com/images/I/61g1pqSjAhL._AC_UY218_.jpg,4.2 out of 5 stars,"₹24,998"
"TECNO POP 8 (Gravity Black, 4GB+64GB)| 90Hz Punch Hole Display with Dynamic Port & Dual Speakers with DTS| 5000mAh Battery |10W Type-C| Side Fingerprint Sensor| Octa-Core Processor",https://m.media-amazon.com/images/I/61wbxpNaD1L._AC_UY218_.jpg,4.1 out of 5 stars,"₹6,899"
"Oneplus Nord CE4 (Celadon Marble, 8GB RAM, 128Gb Storage)",https://m.media-amazon.com/images/I/61nxQ62qglL._AC_UY218_.jpg,4.2 out of 5 stars,"₹24,998"
"Moto G85 5G (8GB 128GB, Urban Grey, New)",https://m.media-amazon.com/images/I/51GD+ttTnBL._AC_UY218_.jpg,3.3 out of 5 stars,No Price
"realme 12x 5G (Woodland Green, 6GB RAM, 128GB Storage) | Upto 12GB (6+6GB) Dynamic RAM | Dimensity 6100+ Processor | 50 MP AI Camera | 7.69 mm Ultra-Slim Trendy Watch Design | 45 W SUPERVOOC Charge",https://m.media-amazon.com/images/I/717yx8s4prL._AC_UY218_.jpg,4.0 out of 5 stars,"₹12,599"
"Redmi 13C 5G (Starlight Black, 8GB RAM, 256GB Storage) | MediaTek Dimensity 6100+ 5G | 90Hz Display",https://m.media-amazon.com/images/I/81nMsYgIHdL._AC_UY218_.jpg,4.0 out of 5 stars,"₹13,999"
"vivo Y18i (Space Black, 4GB RAM, 64GB Storage) with No Cost EMI/Additional Exchange Offers |Without Charger",https://m.media-amazon.com/images/I/61slrN5n-FL._AC_UY218_.jpg,2.1 out of 5 stars,"₹7,999"
Texum TMC-10 Car Mobile Charger 51W Car Power | 16 Fast Car Charger | Dual Output (18W USB + 33W Type C PD) | Fast Charging Adapter for iPhone & Android - White,https://m.media-amazon.com/images/I/61DsF3pe-jL._AC_UY218_.jpg,No Rating,₹723
Spigen Rugged Armor Back Cover Case for iPhone SE | 5s | 5 (TPU | Black),https://m.media-amazon.com/images/I/61wSJ38z6BL._AC_UY218_.jpg,4.5 out of 5 stars,₹831
"realme NARZO N63 (Leather Blue, 4GB RAM+64GB Storage) 45W Fast Charge | 5000mAh Durable Battery | 7.74mm Ultra Slim | 50MP AI Camera | AI Boost",https://m.media-amazon.com/images/I/81JjTw28j8L._AC_UY218_.jpg,4.0 out of 5 stars,"₹8,498"
"OnePlus Nord 4 5G (Obsidian Midnight, 12GB RAM, 256GB Storage)",https://m.media-amazon.com/images/I/61NbiB1GU-L._AC_UY218_.jpg,4.1 out of 5 stars,"₹35,998"
"OnePlus 12R (Iron Gray, 16GB RAM, 256GB Storage)",https://m.media-amazon.com/images/I/71XNeka-BRL._AC_UY218_.jpg,4.4 out of 5 stars,"₹45,999"
"realme NARZO 70x 5G (Forest Green, 6GB RAM,128GB Storage| 120Hz Ultra Smooth Display | Dimensity 6100+ 6nm 5G | 50MP AI Camera | 45W Charger in The Box",https://m.media-amazon.com/images/I/71h8NUTmBOL._AC_UY218_.jpg,4.0 out of 5 stars,"₹12,999"
"Moto G85 5G (256, Olive Green, New)",https://m.media-amazon.com/images/I/71zoUhd6fXL._AC_UY218_.jpg,4.7 out of 5 stars,"₹22,340"
"Samsung Galaxy F15 5G (Ash Black, 6GB RAM, 128 GB Storage)",https://m.media-amazon.com/images/I/71qFJqFePsL._AC_UY218_.jpg,3.8 out of 5 stars,"₹13,535"
"iQOO Z9s Pro 5G (Luxe Marble, 8GB RAM, 256GB Storage) | Snapdragon 7 Gen 3 Processor | 120 Hz Curved AMOLED Display with 4500 nits Local Peak Brightness | 5500 mAh Battery | AI Erase",https://m.media-amazon.com/images/I/61SnaL4+EFL._AC_UY218_.jpg,4.8 out of 5 stars,"₹26,999"
"realme 12 Pro 5G (Navigator Beige, 8GB RAM 256 GB Storage)",https://m.media-amazon.com/images/I/714oelPJK0L._AC_UY218_.jpg,4.1 out of 5 stars,"₹22,875"
BHEEMTEK 60volts 20amp Fast Charger Suitable for 60v Lead aid Battery (5 Batteries) with 50Amp Anderson,https://m.media-amazon.com/images/I/61SP-b3UdML._AC_UY218_.jpg,4.0 out of 5 stars,"₹5,899"
"Spigen OneTap Pro (MagFit) Designed for MagSafe Wireless Charger Dashboard, Windshield, & Screen Car Mount Compatible with iPhone 15 Pro Max, 15 Pro, 15 Plus, 15, 14, 13, and 12 Series",https://m.media-amazon.com/images/I/51Ii6TpUUNS._AC_UY218_.jpg,4.2 out of 5 stars,"₹2,804"
"POCO X6 5G (Snowstorm White, 12 GB RAM 256 GB Storage)",https://m.media-amazon.com/images/I/71mh+ppnQsL._AC_UY218_.jpg,4.1 out of 5 stars,"₹20,999"
Apple iPhone 13 (128GB) - Midnight,https://m.media-amazon.com/images/I/61VuVU94RnL._AC_UY218_.jpg,4.5 out of 5 stars,"₹51,999"
"OnePlus Nord CE4 Lite 5G (Mega Blue, 8GB RAM, 128GB Storage)",https://m.media-amazon.com/images/I/5155PFA2N+L._AC_UY218_.jpg,4.1 out of 5 stars,"₹19,998"
"realme NARZO 70 Pro 5G (Glass Gold, 8GB RAM,256GB Storage) Dimensity 7050 5G Chipset | Horizon Glass Design | Segment 1st Flagship Sony IMX890 OIS Camera",https://m.media-amazon.com/images/I/71VwgEu6N6L._AC_UY218_.jpg,4.1 out of 5 stars,"₹18,998"
"realme 12 Pro 5G (Navigator Beige, 8GB RAM 256 GB Storage)",https://m.media-amazon.com/images/I/714oelPJK0L._AC_UY218_.jpg,4.1 out of 5 stars,"₹22,875"
"Motorola g64 5G (Pearl Blue, 256 GB) (12 GB RAM)",https://m.media-amazon.com/images/I/51NbuznH3nL._AC_UY218_.jpg,3.5 out of 5 stars,"₹16,999"
"Motorola Edge 50 Pro 5G with 68W Charger (Luxe Lavender, 256 GB) (8 GB RAM)",https://m.media-amazon.com/images/I/715aoVxQNTL._AC_UY218_.jpg,3.8 out of 5 stars,"₹29,805"
"Samsung Galaxy M35 5G (Moonlight Blue,8GB RAM,256GB Storage)| Corning Gorilla Glass Victus+| AnTuTu Score 595K+ | Vapour Cooling Chamber | 6000mAh Battery | 120Hz Super AMOLED Display| Without Charger",https://m.media-amazon.com/images/I/81K450cOJML._AC_UY218_.jpg,4.2 out of 5 stars,"₹24,499"
"realme NARZO N65 5G (Amber Gold 8GB RAM, 128GB Storage) India's 1st D6300 5G Chipset | Ultra Slim Design | 120Hz Eye Comfort Display | 50MP AI Camera| Charger in The Box",https://m.media-amazon.com/images/I/71ocQY+G2XL._AC_UY218_.jpg,4.2 out of 5 stars,"₹13,499"
"Lava Agni 2 5G (Glass Viridian, 8GB RAM, 256GB Storage) | India's First Dimensity 7050 Processor | 120 Hz Curved Amoled Display | 13 5G Bands | Superfast 66W Charging | Clean Android",https://m.media-amazon.com/images/I/61OBw+XUiuL._AC_UY218_.jpg,4.1 out of 5 stars,"₹16,999"
"pTron Volta FC22 Compatible for Samsung 45W Charger, Type C Superfast GaN Charger for Samsung Galaxy S23/S23+/S22 Ultra/S22+/S22, Note 10/Note 20/S20/S21/S10/S9/S8, Galaxy Tab S7/S8 (White)",https://m.media-amazon.com/images/I/415kcdOkqjL._AC_UY218_.jpg,4.5 out of 5 stars,"₹1,298"
"SkyTree Nokia G42 5G, Robotic Sliding Camera Window Shock Proof Thunder Case, Dual Layer Hybrid Armor Back Cover Case with Kickstand for Nokia G42 5G - Blue",https://m.media-amazon.com/images/I/51-IUyXEF6L._AC_UY218_.jpg,5.0 out of 5 stars,₹599
"Redmi Note 13 Pro+ (Fusion Black, 12GB RAM, 512GB Storage)",https://m.media-amazon.com/images/I/71nrf4zgq5L._AC_UY218_.jpg,3.8 out of 5 stars,"₹33,499"
"Motorola G84 5G (Midnight Blue, 12GB RAM, 256GB Storage) | 50MP (OIS) | 16MP Front Camera | Snapdragon 695 Processor | Ultra Premium Vegan Leather Design | Unbelievable 5G Speeds with 14 5G Bands",https://m.media-amazon.com/images/I/71KlgKqKAGL._AC_UY218_.jpg,4.2 out of 5 stars,"₹20,449"
"POCO X6 5G (Snowstorm White, 12 GB RAM 512 GB Storage)",https://m.media-amazon.com/images/I/51nR5QYbGQL._AC_UY218_.jpg,4.1 out of 5 stars,"₹21,999"
"OnePlus Nord 4 5G (Oasis Green, 8GB RAM, 128GB Storage)",https://m.media-amazon.com/images/I/616wnQmPQ-L._AC_UY218_.jpg,4.1 out of 5 stars,"₹29,998"
"OnePlus 11 5G (Eternal Green, 16GB RAM, 256GB Storage)",https://m.media-amazon.com/images/I/61amb0CfMGL._AC_UY218_.jpg,4.4 out of 5 stars,No Price
"Motorola razr 40 (Sage Green, 8GB RAM, 256GB Storage) | External AMOLED Display | 6.9"" AMOLED 144Hz Display | 64MP Main Camera | Android 13",https://m.media-amazon.com/images/I/61wp0d+7WGL._AC_UY218_.jpg,3.4 out of 5 stars,"₹34,999"
Redmi 13 5g Black Diamond 6GB 128GB,https://m.media-amazon.com/images/I/81ndCd07RuL._AC_UY218_.jpg,3.8 out of 5 stars,"₹13,998"
"Vivo Y200 5G Mobile (Jungle Green, 8GB RAM, 256GB Storage) with No Cost EMI/Additional Exchange Offers",https://m.media-amazon.com/images/I/51bhHLcul5L._AC_UY218_.jpg,3.9 out of 5 stars,"₹22,999"
Apple iPhone 15 (128 GB) - Black,https://m.media-amazon.com/images/I/71657TiFeHL._AC_UY218_.jpg,4.5 out of 5 stars,"₹70,499"
Excelsior Premium PU Leather case with S Pen Holder | Slim Folio Stand Book Cover | Multi-Viewing Angles | for Samsung Galaxy Tab S7 (Coffee),https://m.media-amazon.com/images/I/71lMw9+AVnL._AC_UY218_.jpg,3.9 out of 5 stars,"₹1,899"
"WeConnect Care 1 Year Accident, Liquid & Screen Damage Protection Plan and 1 Year Extended Warranty Plan for Smart Phones Price Rs.10001 to Rs.20000 (E Mail Delivery Only) Oppo Vivo Samsung Realme",https://m.media-amazon.com/images/I/51uEo50-kFL._AC_UY218_.jpg,4.3 out of 5 stars,"₹2,199"
"POCO X6 5G (Mirror Black, 8 GB RAM 256 GB Storage)",https://m.media-amazon.com/images/I/71n0XBq7HuL._AC_UY218_.jpg,4.1 out of 5 stars,"₹18,499"
"realme 13 Pro 5G (256, Emerald Green, New)",https://m.media-amazon.com/images/I/81t9bTz-ymL._AC_UY218_.jpg,3.0 out of 5 stars,"₹23,525"
"POCO M6 5G (Orion Blue, 4GB RAM, 128GB Storage) | MediaTek Dimensity 6100+ 5G Processor | 5000 mAh Battery + 18W Fast Charging | 50 MP AI Dual-Camera System & Side Fingerprint Sensor",https://m.media-amazon.com/images/I/71GKbs-kJ1L._AC_UY218_.jpg,3.9 out of 5 stars,"₹8,999"
"POCO M6 5G (Polaris Green, 6GB RAM, 128GB Storage) | MediaTek Dimensity 6100+ 5G Processor | 5000 mAh Battery + 18W Fast Charging | 50 MP AI Dual-Camera System & Side Fingerprint Sensor",https://m.media-amazon.com/images/I/61TMoKJHgLL._AC_UY218_.jpg,3.9 out of 5 stars,"₹9,999"
"OPPO F27 Pro+ 5G (Midnight Navy, 8GB RAM, 256GB Storage) | 6.7"" FHD+ AMOLED Toughest 3D Curved Display|64MP AI Featured Camera|IP69 | 67W SUPERVOOC| with No Cost EMI/Additional Exchange Offers",https://m.media-amazon.com/images/I/91y6-cWpxWL._AC_UY218_.jpg,4.0 out of 5 stars,"₹29,999"
"Motorola Edge 50 Fusion 5G (Marshmallow Blue, 12GB RAM, 256GB Storage)",https://m.media-amazon.com/images/I/71XZP2Hm+5L._AC_UY218_.jpg,4.1 out of 5 stars,No Price
Lava Blaze X 5G - Titanium Grey (8GB RAM | 128GB Storage) - Segment First 5G Curved AMOLED Display* | 64MP Sony Sensor Camera | Upto 16GB Expandable RAM | Latest MediaTek 5G Processor,https://m.media-amazon.com/images/I/61QrADCsn8L._AC_UY218_.jpg,3.7 out of 5 stars,"₹16,999"
"Samsung Galaxy M35 5G (Thunder Grey,8GB RAM,256GB Storage)| Corning Gorilla Glass Victus+| AnTuTu Score 595K+ | Vapour Cooling Chamber | 6000mAh Battery | 120Hz Super AMOLED Display| without Charger",https://m.media-amazon.com/images/I/81XXj6IKM8L._AC_UY218_.jpg,4.2 out of 5 stars,"₹24,499"
"OnePlus 12R (Iron Gray, 8GB RAM, 128GB Storage)",https://m.media-amazon.com/images/I/71XNeka-BRL._AC_UY218_.jpg,4.4 out of 5 stars,"₹39,999"
"Aliens World 100W PD30+QC4.0 Rocket Hidden Car Charger with Dual Output,100Watts Total, Fast Charging, Adapter for iPhone & Android Smartphones and Tablets with 3 in 1 Data Cable (Black)",https://m.media-amazon.com/images/I/61v5L7sp6XL._AC_UY218_.jpg,5.0 out of 5 stars,"₹1,899"
JP Mobile Basic Soft Gel Phone Cover for Ipacky-Redmi A3 - Flexible & Protective Black,https://m.media-amazon.com/images/I/61i7wANaonL._AC_UY218_.jpg,No Rating,₹249
"Vivo Y27 (Burgundy Black, 6GB RAM, 128GB Storage) with No Cost EMI/Additional Exchange Offers",https://m.media-amazon.com/images/I/61gdyDHr9ZL._AC_UY218_.jpg,4.0 out of 5 stars,No Price
"Redmi 13C 5G (Startrail Green,6GB RAM, 128GB Storage) | MediaTek Dimensity 6100+ 5G | 90Hz Display",https://m.media-amazon.com/images/I/81KFSdWCCEL._AC_UY218_.jpg,4.0 out of 5 stars,"₹11,999"
"Samsung Galaxy M35 5G (DayBreak Blue,8GB RAM,128GB Storage)| Corning Gorilla Glass Victus+| AnTuTu Score 595K+ | Vapour Cooling Chamber | 6000mAh Battery | 120Hz Super AMOLED Display| without Charger",https://m.media-amazon.com/images/I/81bjSZL8tNL._AC_UY218_.jpg,4.2 out of 5 stars,"₹21,499"
"Nokia 2660 Flip 4G Volte keypad Phone with Dual SIM, Dual Screen, inbuilt MP3 Player & Wireless FM Radio | Black",https://m.media-amazon.com/images/I/61RBrScYUSL._AC_UY218_.jpg,3.9 out of 5 stars,"₹4,299"
"realme NARZO N63 (Twilight Purple,4GB RAM+64GB Storage) 45W Fast Charge | 5000mAh Durable Battery | 7.74mm Ultra Slim | 50MP AI Camera | AI Boost",https://m.media-amazon.com/images/I/71ej8uLNzCL._AC_UY218_.jpg,4.0 out of 5 stars,"₹8,498"
"HONOR 200 5G (Moonlight White, 8GB + 256GB) | 6.7-inch AMOLED Quad-Curved Display | Dual OIS 50MP + 50MP + 12MP Camera | 50MP Selfie Camera | AI-Powered MagicOS 8.0 | Without Charger",https://m.media-amazon.com/images/I/71nro9DdXcL._AC_UY218_.jpg,4.4 out of 5 stars,"₹34,999"
"OnePlus Nord CE 3 5G (Aqua Surge, 8GB RAM, 128GB Storage)",https://m.media-amazon.com/images/I/6175SlKKECL._AC_UY218_.jpg,4.2 out of 5 stars,"₹18,999"
Itel A70 Smartphone,https://m.media-amazon.com/images/I/719V+ugIWmL._AC_UY218_.jpg,3.9 out of 5 stars,"₹6,799"
Apple iPhone 15 Pro (1 TB) - Black Titanium,https://m.media-amazon.com/images/I/81+GIkwqLIL._AC_UY218_.jpg,4.3 out of 5 stars,"₹1,75,300"
"Redmi Note 13 Pro (Coral Purple, 8GB RAM, 128GB Storage) | 1.5K AMOLED | 200MP Hi-Res Camera | Flagship 4nm SD 7s Gen 2 | 67W TurboCharge",https://m.media-amazon.com/images/I/71aiqeP-APL._AC_UY218_.jpg,4.0 out of 5 stars,"₹24,998"
"OPPO A3 5G (Ocean Blue, 6GB RAM, 128GB Storage)",https://m.media-amazon.com/images/I/818YeLG3cJL._AC_UY218_.jpg,5.0 out of 5 stars,"₹15,999"
"POCO X6 5G (Mirror Black, 12 GB RAM 512 GB Storage)",https://m.media-amazon.com/images/I/51FFhrE2eYL._AC_UY218_.jpg,4.1 out of 5 stars,"₹21,999"
"Samsung Galaxy A15 5G (Blue, 8GB, 128GB Storage) | 50 MP Main Camera | Android 14 with One UI 6.0 | 16GB Expandable RAM | MediaTek Dimensity 6100+ | 5000 mAh Battery",https://m.media-amazon.com/images/I/71+0MKV37HL._AC_UY218_.jpg,3.9 out of 5 stars,"₹19,499"
Itel A70 Smartphone,https://m.media-amazon.com/images/I/719V+ugIWmL._AC_UY218_.jpg,3.9 out of 5 stars,"₹6,799"
"Redmi 13C 5G (Startrail Silver, 8GB RAM, 256GB Storage) | MediaTek Dimensity 6100+ 5G | 90Hz Display",https://m.media-amazon.com/images/I/81Z1scL6HvL._AC_UY218_.jpg,4.0 out of 5 stars,"₹13,999"
"realme NARZO 70x 5G (Ice Blue, 8GB RAM,128GB Storage)|120Hz Ultra Smooth Display|Dimensity 6100+ 6nm 5G|50MP AI Camera|45W Charger in The Box",https://m.media-amazon.com/images/I/711XMQxLlwL._AC_UY218_.jpg,4.0 out of 5 stars,"₹14,999"
"OnePlus Nord CE4 Lite 5G (Mega Blue, 8GB RAM, 256GB Storage)",https://m.media-amazon.com/images/I/5155PFA2N+L._AC_UY218_.jpg,4.1 out of 5 stars,"₹22,999"
"OnePlus Nord CE 2 Lite 5G (Blue Tide, 6GB RAM, 128GB Storage)",https://m.media-amazon.com/images/I/61fDxgcyBDL._AC_UY218_.jpg,4.2 out of 5 stars,"₹16,989"
"realme narzo N55 (Prime Black, 6GB+128GB) 33W Segment Fastest Charging | Super High-res 64MP Primary AI Camera",https://m.media-amazon.com/images/I/81ogvU1j6qL._AC_UY218_.jpg,4.1 out of 5 stars,"₹11,499"
"Redmi 13C 5G (Startrail Silver, 6GB RAM, 128GB Storage) | MediaTek Dimensity 6100+ 5G | 90Hz Display",https://m.media-amazon.com/images/I/81Z1scL6HvL._AC_UY218_.jpg,4.0 out of 5 stars,"₹11,999"
"JUVIW Wireless Cup Holder Car Phone Charger, Charging Pad Support 10W/7.5W/5W Cordless Charger, Fastest Wireless Mobile Charging Device for All Phone Accessories - Black",https://m.media-amazon.com/images/I/41WTeJgQ9uL._AC_UY218_.jpg,No Rating,"₹2,889"
SKYCELL 25 Watt Charger Type C for Fast Mobile Charging with Type C to C Cable Compatible for Samsung S20 FE/S20+/S21/S21+/S21 FE/S21 Ultra/S22/S23/M14 5G/M15/M32/M33 5G/M34,https://m.media-amazon.com/images/I/51NatXRoqtL._AC_UY218_.jpg,4.8 out of 5 stars,₹664
"iQOO Z9x 5G (Tornado Green, 4GB RAM, 128GB Storage) | Snapdragon 6 Gen 1 with 560k+ AnTuTu Score | 6000mAh Battery with 7.99mm Slim Design | 44W FlashCharge",https://m.media-amazon.com/images/I/61wHkeTOhWL._AC_UY218_.jpg,4.1 out of 5 stars,"₹12,998"
"vivo Y58 5G (Himalayan Blue, 8GB RAM, 128GB Storage) with No Cost EMI/Additional Exchange Offers",https://m.media-amazon.com/images/I/61izqzXuH9L._AC_UY218_.jpg,4.0 out of 5 stars,"₹18,499"
"Infinix Hot 40i, Palm Blue (8GB, 256GB)",https://m.media-amazon.com/images/I/61C5ZFmVQnL._AC_UY218_.jpg,3.4 out of 5 stars,"₹8,945"
"Samsung Galaxy A55 5G (Awesome Navy, 12GB RAM, 256GB Storage) | Metal Frame | 50 MP Main Camera (OIS) | Nightography | IP67 | Corning Gorilla Glass Victus+ | sAMOLED with Vision Booster",https://m.media-amazon.com/images/I/71EeBkydf9L._AC_UY218_.jpg,3.9 out of 5 stars,"₹45,999"
"vivo Y28s 5G (Vintage Red, 6GB RAM, 128GB Storage) with No Cost EMI/Additional Exchange Offers",https://m.media-amazon.com/images/I/718RrecpkVL._AC_UY218_.jpg,3.8 out of 5 stars,"₹15,499"
"Nothing Phone (2a) 5G (Black, 8GB RAM, 256GB Storage)",https://m.media-amazon.com/images/I/4172-I2V+AL._AC_UY218_.jpg,4.1 out of 5 stars,"₹26,185"
"iQOO Z9 5G (Brushed Green, 8GB RAM, 128GB Storage) | Dimensity 7200 5G Processor | Sony IMX882 OIS Camera | 120Hz AMOLED with 1800 nits Local Peak Brightness | 44W Charger in The Box",https://m.media-amazon.com/images/I/61pt59LW-lL._AC_UY218_.jpg,4.2 out of 5 stars,"₹19,998"
"realme P1 5G (Peacock Green, 8GB RAM, 128GB Storage)",https://m.media-amazon.com/images/I/81bEtTGB4rL._AC_UY218_.jpg,4.0 out of 5 stars,"₹16,198"
"Redmi Note 13 5G (Arctic White, 6GB RAM, 128GB Storage) | 5G Ready | 120Hz Bezel-Less AMOLED | 7.mm Slimmest Note Ever | 108MP Pro-Grade Camera",https://m.media-amazon.com/images/I/71VW8LmqqPL._AC_UY218_.jpg,3.7 out of 5 stars,"₹16,998"
"Redmi Note 13 Pro (Scarlet Red, 8GB RAM, 128GB Storage) | 1.5K AMOLED | 200MP Hi-Res Camera | Flagship 4nm SD 7s Gen 2 | 67W TurboCharge",https://m.media-amazon.com/images/I/71r41+TT2UL._AC_UY218_.jpg,4.5 out of 5 stars,"₹21,688."
"Redmi Note 13 5G (Stealth Black, 6GB RAM, 128GB Storage) | 5G Ready | 120Hz Bezel-Less AMOLED | 7.mm Slimmest Note Ever | 108MP Pro-Grade Camera",https://m.media-amazon.com/images/I/71NnrsYP63L._AC_UY218_.jpg,3.7 out of 5 stars,"₹16,998"
"POCO M6 Pro 5G (Power Black, 4GB RAM, 128GB Storage) | Snapdragon 4 Gen 2 | 6.79"" Large Screen with 90Hz Refresh Rate | 50 MP Dual AI Camera",https://m.media-amazon.com/images/I/51dGqSFNrDL._AC_UY218_.jpg,3.8 out of 5 stars,"₹9,499"
"vivo Y18i (Gem Green, 4GB RAM, 64GB Storage) with No Cost EMI/Additional Exchange Offers |Without Charger",https://m.media-amazon.com/images/I/61zPXzehnrL._AC_UY218_.jpg,2.1 out of 5 stars,"₹7,999"
"realme NARZO 70 Pro 5G (Glass Green, 8GB RAM,128GB Storage) Dimensity 7050 5G Chipset | Horizon Glass Design | Segment 1st Flagship Sony IMX890 OIS Camera",https://m.media-amazon.com/images/I/71-ZHpmFzDL._AC_UY218_.jpg,4.1 out of 5 stars,"₹17,998"
"OPPO A3 Pro 5G (Moonlight Purple, 8GB RAM, 128GB Storage)|6.67” HD+ 120Hz Refresh Rate Screen | 45W SUPERVOOC|with No Cost EMI/Additional Exchange Offers",https://m.media-amazon.com/images/I/81ZFLjC0JJL._AC_UY218_.jpg,3.9 out of 5 stars,"₹17,999"
"iQOO Z7 Pro 5G (Blue Lagoon, 8GB RAM, 128GB Storage) | 3D Curved AMOLED Display | 4nm MediaTek Dimesity 7200 5G Processor | 64MP Aura Light OIS Camera | Segment's Slimmest & Lightest Smartphone",https://m.media-amazon.com/images/I/61Id6WJDWqL._AC_UY218_.jpg,4.4 out of 5 stars,"₹20,998"
"realme NARZO N63 (Twilight Purple,4GB RAM+128GB Storage) 45W Fast Charge | 5000mAh Durable Battery | 7.74mm Ultra Slim | 50MP AI Camera | AI Boost",https://m.media-amazon.com/images/I/71ej8uLNzCL._AC_UY218_.jpg,4.0 out of 5 stars,"₹8,998"
"Motorola G64 5G (Ice Lilac, 8GB RAM, 128GB Storage) | Expandable Upto 2TB | Upto 16GB RAM with RAM Boost | 50MP (OIS) + 8MP | 16MP Front Camera | MediaTek Dimensity 7025 Processor | 6000 mAh Battery",https://m.media-amazon.com/images/I/71ynZLgkkBL._AC_UY218_.jpg,3.9 out of 5 stars,"₹15,713"
"Samsung Galaxy F34 5G (Mistic Green, 8 GB RAM, 128 GB Storage) | 50 MP No Shake Camera | Auto Night Mode | 120 Hz AMOLED Display | 4K Videos | 6000 mAh Large Battery | Dolby Atmos | Gorilla Glass 5",https://m.media-amazon.com/images/I/71Ffo+fLvaL._AC_UY218_.jpg,3.7 out of 5 stars,"₹15,990"
"Moto G85 5G (256, Urban Grey, New)",https://m.media-amazon.com/images/I/71vH4FaIHcL._AC_UY218_.jpg,4.0 out of 5 stars,"₹22,880"
SkyTree Soft TPU Transparent Case Cover Ultra-Thin Anti-Scratches Shockproof Back Cover for Samsung Galaxy Tab S7 11 inch (T870 / T875) 2020,https://m.media-amazon.com/images/I/41qJN3Cvi+L._AC_UY218_.jpg,4.4 out of 5 stars,₹599
Apple iPhone 15 Pro (128 GB) - Blue Titanium,https://m.media-amazon.com/images/I/81SigpJN1KL._AC_UY218_.jpg,4.3 out of 5 stars,"₹1,28,200"
CMF BY NOTHING Phone 1 5G (128 GB) (6 GB RAM) (Black),https://m.media-amazon.com/images/I/71jME4FPsdL._AC_UY218_.jpg,4.4 out of 5 stars,"₹15,979"
"realme 12 5G (Twilight Purple, 8GB RAM 128 GB Storage) | 108 MP 3X Zoom Portrait Camera | Trendy Watch Design | 45 W SUPERVOOC Charge | 5000 mAh Massive Battery | Dual Stereo Speakers | Dynamic Button",https://m.media-amazon.com/images/I/71sjOl7U24L._AC_UY218_.jpg,4.0 out of 5 stars,"₹14,510"
HMD Crest 5G | Segment First 50 MP Selfie Camera | 50 MP Dual Rear AI Camera | FHD+ OLED Display | 6 GB RAM & 128 GB Storage | Android 14 | 33W Fast Charger in Box | Midnight Blue,https://m.media-amazon.com/images/I/61RCFFatr2L._AC_UY218_.jpg,3.8 out of 5 stars,"₹11,999"
"Lava O2 (Imperial Green, 8GB RAM, UFS 2.2 128GB Storage) |AG Glass Back|T616 Octacore Processor|18W Fast Charging|6.5 inch 90Hz Punch Hole Display|50MP AI Dual Camera|Upto 16GB Expandable RAM",https://m.media-amazon.com/images/I/51yudMdOb8L._AC_UY218_.jpg,3.8 out of 5 stars,"₹8,199"
"Samsung Galaxy M35 5G (Thunder Grey,8GB RAM,128GB Storage)| Corning Gorilla Glass Victus+| AnTuTu Score 595K+ | Vapour Cooling Chamber | 6000mAh Battery | 120Hz Super AMOLED Display| without Charger",https://m.media-amazon.com/images/I/81XXj6IKM8L._AC_UY218_.jpg,4.2 out of 5 stars,"₹21,499"
"iQOO Z9x 5G (Tornado Green, 8GB RAM, 128GB Storage) | Snapdragon 6 Gen 1 with 560k+ AnTuTu Score | 6000mAh Battery with 7.99mm Slim Design | 44W FlashCharge",https://m.media-amazon.com/images/I/61wHkeTOhWL._AC_UY218_.jpg,4.1 out of 5 stars,"₹15,998"
"OPPO A3 Pro 5G (Moonlight Purple, 8GB RAM, 256GB Storage)|6.67” HD+ 120Hz Refresh Rate Screen | 45W SUPERVOOC|with No Cost EMI/Additional Exchange Offers",https://m.media-amazon.com/images/I/81ZFLjC0JJL._AC_UY218_.jpg,3.9 out of 5 stars,"₹19,999"
"Samsung Galaxy M15 5G (Stone Grey,6GB RAM,128GB Storage)| 50MP Triple Cam| 6000mAh Battery| MediaTek Dimensity 6100+| 4 Gen. OS Upgrade & 5 Year Security Update| Super AMOLED Display| Without Charger",https://m.media-amazon.com/images/I/818Voe9yzCL._AC_UY218_.jpg,3.8 out of 5 stars,"₹14,499"
"Redmi Note 13 Pro (Midnight Black, 8GB RAM, 128GB Storage) | 1.5K AMOLED | 200MP Hi-Res Camera | Flagship 4nm SD 7s Gen 2 | 67W TurboCharge",https://m.media-amazon.com/images/I/7169hX0S18L._AC_UY218_.jpg,4.0 out of 5 stars,"₹24,998"
"POCO M6 5G (Galactic Black,6GB RAM, 128GB Storage) | MediaTek Dimensity 6100+ 5G Processor | 5000 mAh Battery + 18W Fast Charging | 50 MP AI Dual-Camera System & Side Fingerprint Sensor",https://m.media-amazon.com/images/I/71b0T9mkV3L._AC_UY218_.jpg,3.9 out of 5 stars,"₹9,999"
"WeConnect Care Accident, Liquid & Screen Damage Protection Plan for Smart Phones Price Rs.45001 to Rs.50000 (E Mail Delivery) Oppo Vivo Samsung Phones",https://m.media-amazon.com/images/I/41oSxiGPuvL._AC_UY218_.jpg,4.3 out of 5 stars,"₹4,799"
MOCA [Flexible Soft Back] Smart Flip Cover Case Stand for Apple iPad AIR 2 A1566 A1567 [2014 Launched] iPad Flip Cover Case,https://m.media-amazon.com/images/I/51i8wu1yJVL._AC_UY218_.jpg,4.2 out of 5 stars,₹584.
"TECNO POP 8 (Alpenglow Gold, 4GB+64GB)| 90Hz Punch Hole Display with Dynamic Port & Dual Speakers with DTS| 5000mAh Battery |10W Type-C| Side Fingerprint Sensor| Octa-Core Processor",https://m.media-amazon.com/images/I/61luwQe5iiL._AC_UY218_.jpg,4.1 out of 5 stars,"₹6,899"
"Samsung Galaxy A05 (Light Green, 4GB, 64GB Storage) | 50 MP Main Camera | Upto 8GB RAM with RAM Plus | MediaTek Helio G85 | 5000 mAh Battery",https://m.media-amazon.com/images/I/81bQaAhgpFL._AC_UY218_.jpg,3.9 out of 5 stars,"₹7,999"
"realme 12X 5G (Woodland Green, 8GB RAM, 128GB Storage)",https://m.media-amazon.com/images/I/717yx8s4prL._AC_UY218_.jpg,4.0 out of 5 stars,"₹14,199"
"vivo Y18e (Space Black, 4GB RAM, 64GB Storage) with No Cost EMI/Additional Exchange Offers | Without Charger",https://m.media-amazon.com/images/I/61ZBxbrVF0L._AC_UY218_.jpg,3.8 out of 5 stars,"₹7,999"
"Samsung Galaxy M15 5G (Stone Grey,4GB RAM,128GB Storage)| 50MP Triple Cam| 6000mAh Battery| MediaTek Dimensity 6100+| 4 Gen. OS Upgrade & 5 Year Security Update| Super AMOLED Display| Without Charger",https://m.media-amazon.com/images/I/818Voe9yzCL._AC_UY218_.jpg,3.8 out of 5 stars,"₹12,999"
"TECNO Pova 5 Pro 5G (Silver Fantasy, 8GB RAM,256GB Storage)| Segment 1st 68W Ultra Fast Charging | India's 1st Multi-colored Backlit ARC Interface | 50MP AI Dual Camera |6.78”FHD+ Dot-in Display",https://m.media-amazon.com/images/I/61jmM8GL9BL._AC_UY218_.jpg,4.0 out of 5 stars,"₹15,999"
"realme P1 5G (Phonix Red, 8GB RAM, 128GB Storage)",https://m.media-amazon.com/images/I/81dXoXYJoHL._AC_UY218_.jpg,4.0 out of 5 stars,"₹18,179"
"CMF by Nothing Phone 1 5G (Blue, 6GB RAM, 128GB Storage) | Expandable Upto 2 TB | 50MP+2MP | 16MP Front Camera | Dimensity 7300 5G Processor | 6.67 AMOLED Display | 33W Fast Charging | Designed 2 Last",https://m.media-amazon.com/images/I/71IuyUt8LZL._AC_UY218_.jpg,4.5 out of 5 stars,"₹16,230"
"pTron 65W Gan USB Type C Charger for Macbook Pro/Air, Dell Xps, iPhone 15 Pro Max/14/13, iPad Pro, Galaxy S23, Pixel 8/7 and More Volta Fc23 (White)",https://m.media-amazon.com/images/I/411A6VJIKLL._AC_UY218_.jpg,4.5 out of 5 stars,"₹1,798"
"iLife 4 Port USB Car Charger, iLife Quick Charge 3.0 36W Power Drive 4 for iPhone X / 8/8 Plus/iPad Pro/ Air2 / Mini 4 / Samsung Galaxy Note 8 / S8 / Huawei/LG Nexus/HTC and More (Black)",https://m.media-amazon.com/images/I/71y2Q+3oofL._AC_UY218_.jpg,No Rating,₹499
"iQOO Z9s Pro 5G (Flamboyant Orange, 12GB RAM, 256GB Storage) | Snapdragon 7 Gen 3 Processor | 120 Hz Curved AMOLED Display with 4500 nits Local Peak Brightness | 5500 mAh Battery | AI Erase",https://m.media-amazon.com/images/I/711ZTkL0l8L._AC_UY218_.jpg,4.8 out of 5 stars,"₹28,999"
"realme C65 5G (Feather Green, 128 GB) (6 GB RAM)",https://m.media-amazon.com/images/I/717OTCWgqoL._AC_UY218_.jpg,4.3 out of 5 stars,"₹11,953"
"realme NARZO 70 Pro 5G (Glass Gold, 8GB RAM,128GB Storage) Dimensity 7050 5G Chipset | Horizon Glass Design | Segment 1st Flagship Sony IMX890 OIS Camera",https://m.media-amazon.com/images/I/71VwgEu6N6L._AC_UY218_.jpg,4.1 out of 5 stars,"₹17,998"
"Samsung Galaxy M35 5G (DayBreak Blue,8GB RAM,256GB Storage)| Corning Gorilla Glass Victus+| AnTuTu Score 595K+ | Vapour Cooling Chamber | 6000mAh Battery | 120Hz Super AMOLED Display| without Charger",https://m.media-amazon.com/images/I/81bjSZL8tNL._AC_UY218_.jpg,4.2 out of 5 stars,"₹24,499"
POCO C61 Mystical Green 4GB RAM 64GB ROM,https://m.media-amazon.com/images/I/71bQeLHQF-L._AC_UY218_.jpg,3.1 out of 5 stars,"₹6,599"
"OnePlus Nord 4 5G (Obsidian Midnight, 8GB RAM, 128GB Storage)",https://m.media-amazon.com/images/I/61NbiB1GU-L._AC_UY218_.jpg,4.1 out of 5 stars,"₹29,998"
"iQOO Neo9 Pro 5G (Fiery Red, 12GB RAM, 256GB Storage) | Snapdragon 8 Gen 2 Processor | Supercomputing Chip Q1 | Flagship Level Sony IMX920 Camera",https://m.media-amazon.com/images/I/718jcIFYaAL._AC_UY218_.jpg,4.4 out of 5 stars,"₹38,998"
Apple iPhone 15 Plus (128 GB) - Blue,https://m.media-amazon.com/images/I/71PjpS59XLL._AC_UY218_.jpg,4.6 out of 5 stars,"₹79,999"
POCO M6 Pro 5G (128 GB) (6 GB RAM) (Power Black),https://m.media-amazon.com/images/I/51dGqSFNrDL._AC_UY218_.jpg,3.8 out of 5 stars,"₹10,999"
Apple iPhone 15 (128 GB) - Yellow,https://m.media-amazon.com/images/I/71REplb5oZL._AC_UY218_.jpg,4.5 out of 5 stars,"₹71,290"
"WeConnect Care 1 Year Accident, Liquid & Screen Damage Protection Plan & 1 Year extended Warranty Plan for Samsung Galaxy S24 Ultra Phone Email Delivery Only in 2 Hours",https://m.media-amazon.com/images/I/71jD5u+qEaL._AC_UY218_.jpg,No Rating,"₹14,999"
Redmi Note 13 pro 5g Scarlet red 8gb 256gb,https://m.media-amazon.com/images/I/71r41+TT2UL._AC_UY218_.jpg,3.8 out of 5 stars,"₹24,100"
"realme GT 6T 5G (Razor Green,8GB RAM+256GB Storage) | India's 1st 7+ Gen 3 Flagship Chipset | 1.5M + AnTuTu Score | 5500mAh+120W | The World's Brightest Flagship Display",https://m.media-amazon.com/images/I/71fhaUR7VGL._AC_UY218_.jpg,4.4 out of 5 stars,"₹32,999"
"realme narzo N53 (Feather Gold, 4GB+64GB) 33W Segment Fastest Charging | Slim Smartphone | 90 Hz Smooth Display",https://m.media-amazon.com/images/I/71dEY4Neo3L._AC_UY218_.jpg,4.0 out of 5 stars,No Price
"Redmi A3X (Starry White, 3GB RAM, 64GB Storage) | Premium Halo Design | 90Hz Display | Powerful Octa Core Processor",https://m.media-amazon.com/images/I/81eEiAv7TOL._AC_UY218_.jpg,3.2 out of 5 stars,"₹6,999"
"TECNO POP 8 (Mystery White, 4GB+64GB)| 90Hz Punch Hole Display with Dynamic Port & Dual Speakers with DTS| 5000mAh Battery |10W Type-C| Side Fingerprint Sensor| Octa-Core Processor",https://m.media-amazon.com/images/I/61G6ef-AH-L._AC_UY218_.jpg,4.1 out of 5 stars,"₹6,899"
"Oppo F25 Pro 5G (Ocean Blue, 8GB RAM, 128GB Storage) with No Cost EMI/Additional Exchange Offers",https://m.media-amazon.com/images/I/81FeGlImflL._AC_UY218_.jpg,4.0 out of 5 stars,"₹23,999"
"Redmi Note 13 5G (Stealth Black, 12GB RAM, 256GB Storage) | 5G Ready | 120Hz Bezel-Less AMOLED | 7.mm Slimmest Note Ever | 108MP Pro-Grade Camera",https://m.media-amazon.com/images/I/71NnrsYP63L._AC_UY218_.jpg,3.7 out of 5 stars,"₹19,998"
"realme GT 6T 5G (Fluid Silver,12GB RAM+256GB Storage) | India's 1st 7+ Gen 3 Flagship Chipset | 1.5M + AnTuTu Score | 5500mAh+120W | The World's Brightest Flagship Display",https://m.media-amazon.com/images/I/71ftthp966L._AC_UY218_.jpg,4.4 out of 5 stars,"₹35,999"
"Redmi A3X (Midnight Black, 3GB RAM, 64GB Storage) | Premium Halo Design | 90Hz Display | Powerful Octa Core Processor",https://m.media-amazon.com/images/I/714GaXJHGGL._AC_UY218_.jpg,3.2 out of 5 stars,"₹6,999"
"MOCA [Soft Back] Case for 10.2 inch iPad 9th 8th 7th Generation 10.2"" iPads 2021 2020 2019 Launch A2603 A2604 A2605 A2270 A2428 A2429 A2430 A2197 A2198 A2200 Flip Cover",https://m.media-amazon.com/images/I/4108AxF-SdL._AC_UY218_.jpg,4.2 out of 5 stars,₹584.
"WeConnect Care Accident, Liquid & Screen Damage Protection Plan for Samsung Galaxy S24 Ultra Phone (E Mail Delivery in 2 Hours)",https://m.media-amazon.com/images/I/31dkynmi9NL._AC_UY218_.jpg,1.0 out of 5 stars,"₹11,999"
"realme NARZO N65 5G (Deep Green 8GB RAM, 128GB Storage) India's 1st D6300 5G Chipset | Ultra Slim 190g Design | 120Hz Eye Comfort Display | 50MP AI Camera| Charger in The Box",https://m.media-amazon.com/images/I/710qN4eow2L._AC_UY218_.jpg,4.2 out of 5 stars,"₹13,499"
"POCO M6 5G (Polaris Green, 4GB RAM, 128GB Storage) | MediaTek Dimensity 6100+ 5G Processor | 5000 mAh Battery + 18W Fast Charging | 50 MP AI Dual-Camera System & Side Fingerprint Sensor",https://m.media-amazon.com/images/I/61TMoKJHgLL._AC_UY218_.jpg,3.9 out of 5 stars,"₹8,999"
"Oppo F25 Pro 5G (Lava Red, 8GB RAM, 128GB Storage) with No Cost EMI/Additional Exchange Offers",https://m.media-amazon.com/images/I/810HI-4wV+L._AC_UY218_.jpg,4.0 out of 5 stars,"₹23,999"
Infinix Smart 8 8GB RAM 128GB Storage | 5000 mAh Heavy Battery | Android 13 Go | 50MP + AI Camera | Dual Sim (Timber Black),https://m.media-amazon.com/images/I/71V7L7MH0KL._AC_UY218_.jpg,3.6 out of 5 stars,"₹7,800"
"realme C61 4G (64, Marble Black, New)",https://m.media-amazon.com/images/I/71M4NxFn3aL._AC_UY218_.jpg,No Rating,"₹7,447"
"Vivo T3 Lite 5G Smartphone (Majestic Black, 4GB Ram 128GB Storage)",https://m.media-amazon.com/images/I/51mJWpZRLmL._AC_UY218_.jpg,3.6 out of 5 stars,"₹11,095"
"iQOO Z9 5G (Brushed Green, 8GB RAM, 256GB Storage) | Dimensity 7200 5G Processor | Sony IMX882 OIS Camera | 120Hz AMOLED with 1800 nits Local Peak Brightness | 44W Charger in The Box",https://m.media-amazon.com/images/I/61pt59LW-lL._AC_UY218_.jpg,4.2 out of 5 stars,"₹21,998"
Apple iPhone 13 (128GB) - Midnight,https://m.media-amazon.com/images/I/61VuVU94RnL._AC_UY218_.jpg,4.5 out of 5 stars,"₹51,999"
"OPPO A3 5G (Nebula Red, 6GB RAM, 128GB Storage)",https://m.media-amazon.com/images/I/81Xl10tx7hL._AC_UY218_.jpg,No Rating,"₹15,999"
"Redmi 13 5G, Black Diamond, 8GB+128GB | India Debut SD 4 Gen 2 AE | 108MP Pro Grade Camera | 6.79in Largest Display in Segment",https://m.media-amazon.com/images/I/81ndCd07RuL._AC_UY218_.jpg,3.8 out of 5 stars,"₹15,498"
"OPPO F27 5G (Emerald Green, 8GB RAM, 128GB Storage) | 6.67"" FHD+ AMOLED Display|32MP Sony IMX615 Selfie Camera |AI Portrait Expert| 45W SUPERVOOC| with No Cost EMI/Additional Exchange Offers",https://m.media-amazon.com/images/I/81CFCXH1tVL._AC_UY218_.jpg,5.0 out of 5 stars,"₹22,999"
"POCO X6 5G (Mirror Black, 12 GB RAM 256 GB Storage)",https://m.media-amazon.com/images/I/71n0XBq7HuL._AC_UY218_.jpg,4.1 out of 5 stars,"₹20,999"
"realme 13 Pro 5G (512, Emerald Green, New)",https://m.media-amazon.com/images/I/817QFGOqiSL._AC_UY218_.jpg,1.0 out of 5 stars,"₹26,689"
"Samsung Galaxy A35 5G (Awesome Iceblue, 8GB RAM, 128GB Storage) | Premium Glass Back | 50 MP Main Camera (OIS) | Nightography | IP67 | Corning Gorilla Glass Victus+ | sAMOLED with Vision Booster",https://m.media-amazon.com/images/I/71MBDTglV4L._AC_UY218_.jpg,3.4 out of 5 stars,"₹30,999"
"itel A70 (4GB RAM, 64GB ROM) Upto 12GB RAM with Memory Fusion | 13MP Dual Rear Camera & 8MP Front Camera | 5000mAh with Type-C | Dynamic Bar | Side Fingerprint | Octa-Core Processor | Starlish Black",https://m.media-amazon.com/images/I/71DxW6Nx91L._AC_UY218_.jpg,3.9 out of 5 stars,"₹6,499"
"Redmi A3X (Ocean Green, 3GB RAM, 64GB Storage) | Premium Halo Design | 90Hz Display | Powerful Octa Core Processor",https://m.media-amazon.com/images/I/81tkxQmAetL._AC_UY218_.jpg,3.2 out of 5 stars,"₹6,927"
"realme NARZO N65 5G (Amber Gold 4GB RAM, 128GB Storage) India's 1st D6300 5G Chipset | Ultra Slim Design | 120Hz Eye Comfort Display | 50MP AI Camera| Charger in The Box",https://m.media-amazon.com/images/I/71ocQY+G2XL._AC_UY218_.jpg,4.2 out of 5 stars,"₹11,498"
"OnePlus Nord CE4 Lite 5G (Ultra Orange, 8GB RAM, 256GB Storage)",https://m.media-amazon.com/images/I/51KJE22BKrL._AC_UY218_.jpg,4.1 out of 5 stars,"₹22,999"
"realme GT 6T 5G (Fluid Silver,8GB RAM+256GB Storage) | India's 1st 7+ Gen 3 Flagship Chipset | 1.5M + AnTuTu Score | 5500mAh+120W | The World's Brightest Flagship Display",https://m.media-amazon.com/images/I/71ftthp966L._AC_UY218_.jpg,4.4 out of 5 stars,"₹32,999"
"Redmi Note 13 5G (Stealth Black, 8GB RAM, 256GB Storage) | 5G Ready | 120Hz Bezel-Less AMOLED | 7.mm Slimmest Note Ever | 108MP Pro-Grade Camera",https://m.media-amazon.com/images/I/71NnrsYP63L._AC_UY218_.jpg,3.7 out of 5 stars,"₹18,998"
Spigen Ultra Hybrid Back Cover Case for iPhone Xs | X (TPU + Poly Carbonate | Crystal Clear),https://m.media-amazon.com/images/I/61iySKbYWwL._AC_UY218_.jpg,4.3 out of 5 stars,₹998
STHIRA® Car Battery Charger,https://m.media-amazon.com/images/I/61f1YzgTsnL._AC_UY218_.jpg,No Rating,"₹1,999"
"Infinix Note 40 Pro 5G (Vintage Green, 256 GB) (8 GB RAM)",https://m.media-amazon.com/images/I/51-Unh3XuBL._AC_UY218_.jpg,2.8 out of 5 stars,"₹21,250"
"vivo Y18 (Space Black, 4GB RAM, 128GB Storage) with No Cost EMI/Additional Exchange Offers | Without Charger",https://m.media-amazon.com/images/I/61LVKXu1hOL._AC_UY218_.jpg,3.5 out of 5 stars,"₹9,999"
"Redmi 13 5G, Hawaiian Blue, 8GB+128GB | India Debut SD 4 Gen 2 AE | 108MP Pro Grade Camera | 6.79in Largest Display in Segment",https://m.media-amazon.com/images/I/81GhaMvvHTL._AC_UY218_.jpg,3.8 out of 5 stars,"₹15,498"
"Samsung Galaxy F15 5G (Ash Black, 4GB RAM, 128 GB Storage)",https://m.media-amazon.com/images/I/71yiuDTAYgL._AC_UY218_.jpg,5.0 out of 5 stars,"₹12,790"
"vivo Y28e 5G (Vintage Red, 4GB RAM, 64GB Storage) with No Cost EMI/Additional Exchange Offers | Without Charger",https://m.media-amazon.com/images/I/718RrecpkVL._AC_UY218_.jpg,3.6 out of 5 stars,"₹10,999"
"Vivo T3x 5G (Celestial Green, 128 GB) (6 GB RAM)",https://m.media-amazon.com/images/I/81eJJYFsztL._AC_UY218_.jpg,4.3 out of 5 stars,"₹14,702"
"Motorola Edge 50 Pro 5G with 125W Charger (Luxe Lavender, 256 GB) (12 GB RAM)",https://m.media-amazon.com/images/I/715aoVxQNTL._AC_UY218_.jpg,3.5 out of 5 stars,"₹36,800"
"OPPO A3X 5G (Sparkle Black, 4GB RAM, 128GB Storage)|6.67” HD+ 120Hz Refresh Rate Screen | 45W SUPERVOOC|with No Cost EMI/Additional Exchange Offers",https://m.media-amazon.com/images/I/81KH1T4WGGL._AC_UY218_.jpg,No Rating,"₹13,499"
"POCO X6 Neo 5G (Martian Orange, 8GB RAM, 128GB Storage) | Dimensity 6080 Processor | 5000 mAh Battery + 33W Fast Charging | 108MP + 2MP Rear Camera & 16MP Front Camera",https://m.media-amazon.com/images/I/717kT9HNtOL._AC_UY218_.jpg,3.9 out of 5 stars,"₹13,999"
"POCO M6 5G (Orion Blue, 4GB RAM, 128GB Storage) | MediaTek Dimensity 6100+ 5G Processor | 5000 mAh Battery + 18W Fast Charging | 50 MP AI Dual-Camera System & Side Fingerprint Sensor",https://m.media-amazon.com/images/I/71GKbs-kJ1L._AC_UY218_.jpg,3.9 out of 5 stars,"₹8,999"
"POCO M6 5G (Orion Blue, 6GB RAM, 128GB Storage)",https://m.media-amazon.com/images/I/71GKbs-kJ1L._AC_UY218_.jpg,3.9 out of 5 stars,"₹9,999"
"POCO X6 5G (Skyline Blue, 12 GB RAM 256 GB Storage)",https://m.media-amazon.com/images/I/61P4xUmXo7L._AC_UY218_.jpg,4.1 out of 5 stars,"₹20,999"
"Nothing Phone 2a 5G (Black, 12GB RAM, 256GB Storage)",https://m.media-amazon.com/images/I/4172-I2V+AL._AC_UY218_.jpg,3.9 out of 5 stars,"₹27,740"
"Redmi A1 (Light Green, 2GB RAM 32GB ROM) | Segment Best AI Dual Cam | 5000mAh Battery | Leather Texture Design | Android 12",https://m.media-amazon.com/images/I/81UmTnrBDSL._AC_UY218_.jpg,4.0 out of 5 stars,No Price
"vivo Y58 5G (Sundarbans Green, 8GB RAM, 128GB Storage) with No Cost EMI/Additional Exchange Offers",https://m.media-amazon.com/images/I/61iJlcSln6L._AC_UY218_.jpg,4.0 out of 5 stars,"₹18,499"
"vivo Y18e (Gem Green, 4GB RAM, 64GB Storage) with No Cost EMI/Additional Exchange Offers | Without Charger",https://m.media-amazon.com/images/I/61ZBxbrVF0L._AC_UY218_.jpg,3.8 out of 5 stars,"₹7,999"
"OnePlus 12R (Sunset Dune, 8GB RAM, 256GB Storage)",https://m.media-amazon.com/images/I/71c3EH8FoWL._AC_UY218_.jpg,4.4 out of 5 stars,"₹42,998"
"Redmi 13C 5G (Startrail Green, 8GB RAM, 256GB Storage) | MediaTek Dimensity 6100+ 5G | 90Hz Display",https://m.media-amazon.com/images/I/81KFSdWCCEL._AC_UY218_.jpg,4.0 out of 5 stars,"₹13,999"
POCO C61 Diamond Dust Black 4GB RAM 64GB ROM,https://m.media-amazon.com/images/I/71fSTJ34SnL._AC_UY218_.jpg,3.2 out of 5 stars,"₹6,599"
"OPPO F27 Pro+ 5G (Midnight Navy, 8GB RAM, 128GB Storage) | 6.7"" FHD+ AMOLED Toughest 3D Curved Display|64MP AI Featured Camera|IP69 | 67W SUPERVOOC| with No Cost EMI/Additional Exchange Offers",https://m.media-amazon.com/images/I/91y6-cWpxWL._AC_UY218_.jpg,4.0 out of 5 stars,"₹27,999"
MOBIKTC for Motorola Moto Edge 50 Pro 5G Privacy Screen Protector Tempered Glass [24° Anti-Spy] [Zero Bubble] [Auto Dust-Remove] [Support Fingerprint Unlock] Anti Glare HD 9H - 1 Pack,https://m.media-amazon.com/images/I/31KvkIsvmkL._AC_UY218_.jpg,No Rating,₹999
"ELICA Leather Flip Cover Honor X9a 6.67"" 5G, Leather Flip Cover| Magnetic Closure| Kickstand Leather Flip Cover for Honor X9a 6.67"" 5G / Honor Magic5 Lite - Blue",https://m.media-amazon.com/images/I/31nJwSbm2-L._AC_UY218_.jpg,No Rating,₹699
"POCO X6 5G (Skyline Blue, 8 GB RAM 256 GB Storage)",https://m.media-amazon.com/images/I/61P4xUmXo7L._AC_UY218_.jpg,4.1 out of 5 stars,"₹18,499"
"itel A70 (4GB RAM, 64GB ROM) Upto 12GB RAM with Memory Fusion | 13MP Dual Rear Camera & 8MP Front Camera | 5000mAh with Type-C | Dynamic Bar | Side Fingerprint | Octa-Core Processor | Field Green",https://m.media-amazon.com/images/I/71GQenXSHVL._AC_UY218_.jpg,3.9 out of 5 stars,"₹6,499"
"POCO X6 5G (Mirror Black, 12 GB RAM 512 GB Storage)",https://m.media-amazon.com/images/I/51FFhrE2eYL._AC_UY218_.jpg,4.1 out of 5 stars,"₹21,999"
"vivo Y28s 5G (Twinkling Purple, 6GB RAM, 128GB Storage) with No Cost EMI/Additional Exchange Offers",https://m.media-amazon.com/images/I/71h1UAV-XmL._AC_UY218_.jpg,3.8 out of 5 stars,"₹15,499"
"Motorola G34 5G (Ocean Green, 8GB RAM, 128GB Storage)",https://m.media-amazon.com/images/I/71NRc1xgh+L._AC_UY218_.jpg,4.0 out of 5 stars,No Price
"realme GT 6T 5G (Miracle Purple,8GB RAM+256GB Storage) | India's 1st 7+ Gen 3 Flagship Chipset | 1.5M + AnTuTu Score | 5500mAh+120W | The World's Brightest Flagship Display",https://m.media-amazon.com/images/I/71Uwv6PlzLL._AC_UY218_.jpg,4.4 out of 5 stars,"₹32,999"
"Infinix HOT 40i (Starfall Green, 256 GB) (8 GB RAM)",https://m.media-amazon.com/images/I/61Ki1xlvlDL._AC_UY218_.jpg,4.2 out of 5 stars,"₹8,899"
"Vivo Y21 (Midnight Blue, 4GB RAM, 64GB Storage) with No Cost EMI/Additional Exchange Offers",https://m.media-amazon.com/images/I/61gRGQe8jjL._AC_UY218_.jpg,4.1 out of 5 stars,"₹10,999"
"SAMSUNG EVO Plus 128GB Micro SDXC w/SD Adaptor, Up-to 160MB/s, Expanded Storage for Gaming Devices, Android Tablets and Smart Phones, Memory Card, MB-MC128SA/IN",https://m.media-amazon.com/images/I/61fkOHNmzpL._AC_UY218_.jpg,4.4 out of 5 stars,"₹1,049"
"SkyTree Motorola Moto G85 5G, Robotic Sliding Camera Window Shock Proof Thunder Case, Dual Layer Hybrid Armor Back Cover Case with Kickstand for Motorola Moto G85 5G - Blue",https://m.media-amazon.com/images/I/51K+PHLB1VL._AC_UY218_.jpg,3.8 out of 5 stars,₹499
Redmi 13 5g Black Diamond 6GB 128GB,https://m.media-amazon.com/images/I/81ndCd07RuL._AC_UY218_.jpg,3.8 out of 5 stars,"₹13,998"
Apple iPhone 15 Plus (128 GB) - Blue,https://m.media-amazon.com/images/I/71PjpS59XLL._AC_UY218_.jpg,4.6 out of 5 stars,"₹79,999"
"vivo Y28e 5G (Vintage Red, 4GB RAM, 128GB Storage) with No Cost EMI/Additional Exchange Offers | Without Charger",https://m.media-amazon.com/images/I/718RrecpkVL._AC_UY218_.jpg,3.6 out of 5 stars,"₹11,999"
itel P55+ 4G | Upto 16GB RAM with Memory Fusion & 256GB ROM| 50MP AI Dual Rear Camera & 8MP Front Camera| 45W Charger with 5000 mAh Battery | Dynamic Bar|UFS 2.2| Royal Green,https://m.media-amazon.com/images/I/71WjAdsc1cL._AC_UY218_.jpg,4.0 out of 5 stars,"₹7,999"
"POCO X6 Neo 5G (Martian Orange, 8GB RAM, 128GB Storage) | Dimensity 6080 Processor | 5000 mAh Battery + 33W Fast Charging | 108MP + 2MP Rear Camera & 16MP Front Camera",https://m.media-amazon.com/images/I/717kT9HNtOL._AC_UY218_.jpg,3.9 out of 5 stars,"₹13,999"
"realme C61 4G (6 GB, 128GB Safari Green)",https://m.media-amazon.com/images/I/71OpXbqwOeL._AC_UY218_.jpg,3.3 out of 5 stars,"₹8,602"
"TECNO Pova 5 Pro 5G (Silver Fantasy, 8GB RAM,128GB Storage)| Segment 1st 68W Ultra Fast Charging | India's 1st Multi-colored Backlit ARC Interface | 50MP AI Dual Camera | 6.78”FHD+ Dot-in Display",https://m.media-amazon.com/images/I/61jmM8GL9BL._AC_UY218_.jpg,4.0 out of 5 stars,"₹14,999"
"Redmi 9A Sport (Coral Green, 2GB RAM, 32GB Storage) | 2GHz Octa-core Helio G25 Processor | 5000 mAh Battery",https://m.media-amazon.com/images/I/810KHyQ4WcL._AC_UY218_.jpg,4.0 out of 5 stars,"₹7,499"
"Redmi Note 10S (Frost White, 8GB RAM,128 GB Storage) - Super Amoled Display | 64 MP Quad Camera | Alexa Built in | 33W Charger Included",https://m.media-amazon.com/images/I/81leb5g4asL._AC_UY218_.jpg,4.2 out of 5 stars,"₹16,990"
"Lava Storm 5G(Gale Green,8GB RAM,128GB ROM)-Powered by MediaTek Dimensity 6080 Processor|120Hz FHD+ Display|50MP+8MP Ultrawide Camera|16MP FrontCamera|33W Fast Charging|Upto 16GB ExpandableRAM",https://m.media-amazon.com/images/I/71uOoXevxwL._AC_UY218_.jpg,4.1 out of 5 stars,"₹12,498"
Spigen Liquid Air Back Cover Case for iPhone Xs | iPhone X (TPU | Matte Black),https://m.media-amazon.com/images/I/61+Jzm1wzUL._AC_UY218_.jpg,4.5 out of 5 stars,₹924
THOUSAND WORLDS02 TIGER HONOR,https://m.media-amazon.com/images/I/91ULNSEQQ5L._AC_UY218_.jpg,4.6 out of 5 stars,₹862.
"vivo Y28e 5G (Breeze Green, 4GB RAM, 64GB Storage) with No Cost EMI/Additional Exchange Offers | Without Charger",https://m.media-amazon.com/images/I/71BNk+usE3L._AC_UY218_.jpg,3.6 out of 5 stars,"₹10,999"
"Redmi Note 13 Pro (Midnight Black, 12GB RAM, 256GB Storage) Without Offer",https://m.media-amazon.com/images/I/61ck3UZH2HL._AC_UY218_.jpg,4.0 out of 5 stars,"₹24,400"
"Lava Storm 5G (Thunder Black, 8GB RAM, 128GB ROM), Premium Glass Back Design, MediaTek Dimensity 6080 Processor, 50MP+8MP Ultrawide Dual Camera, 16MP Front Camera, 33W Fast Charging, Clean Android",https://m.media-amazon.com/images/I/61LGDAZD+wL._AC_UY218_.jpg,4.1 out of 5 stars,"₹12,498"
"iQOO 12 5G (Alpha, 16Gb Ram, 512Gb Storage) | India's 1St Snapdragon 8 Gen 3 Backcase for Mobile Platform | India's Only Flagship with 50Mp + 50Mp + 64Mp Camera, Black",https://m.media-amazon.com/images/I/61JUyx1-SbL._AC_UY218_.jpg,4.5 out of 5 stars,"₹57,998"
"Vivo Y200e 5G (Black Diamond, 8GB RAM, 128GB Storage) with No Cost EMI/Additional Exchange Offers",https://m.media-amazon.com/images/I/61x1B80rNnL._AC_UY218_.jpg,4.1 out of 5 stars,"₹20,999"
"POCO X6 Neo 5G (Horizon Blue, 12GB RAM, 256GB Storage)",https://m.media-amazon.com/images/I/714PgXMVpQL._AC_UY218_.jpg,3.9 out of 5 stars,"₹15,199"
Motorola G04s Concord Black 4GB 64GB,https://m.media-amazon.com/images/I/516PIRG0O2L._AC_UY218_.jpg,3.3 out of 5 stars,"₹7,774"
"Lava O2 (Royal Gold, 8GB RAM, UFS 2.2 128GB Storage) |AG Glass Back|T616 Octacore Processor|18W Fast Charging|6.5 inch 90Hz Punch Hole Display|50MP AI Dual Camera|Upto 16GB Expandable RAM",https://m.media-amazon.com/images/I/51FnhDnBAoL._AC_UY218_.jpg,3.8 out of 5 stars,"₹8,499"
"OPPO F27 5G (Amber Orange, 8GB RAM, 256GB Storage) | 6.67"" FHD+ AMOLED Display|32MP Sony IMX615 Selfie Camera |AI Portrait Expert| 45W SUPERVOOC| with No Cost EMI/Additional Exchange Offers",https://m.media-amazon.com/images/I/81zSqgluuZL._AC_UY218_.jpg,5.0 out of 5 stars,"₹24,999"
POCO C65 (Matte Black 4GB RAM 128GB Storage),https://m.media-amazon.com/images/I/51PQfSwIqyL._AC_UY218_.jpg,4.0 out of 5 stars,"₹6,799"
"WeConnect Care 1 Year Accident, Liquid & Screen Damage Protection Plan and 1 Year Extended Warranty Plan for Smart Phones Price Rs.20001 to Rs.25000 (E Mail Delivery) Mobile Oppo Vivo Samsung Realme",https://m.media-amazon.com/images/I/51Qj+0dz68L._AC_UY218_.jpg,4.3 out of 5 stars,"₹3,199"
WeConnect Care 1 Year Premium Extended Warranty for Mobile Phones (Price Range Rs.20001 to Rs.30000) Oppo Vivo Samsung Phones,https://m.media-amazon.com/images/I/41h1hpv4RcL._AC_UY218_.jpg,3.7 out of 5 stars,"₹1,159"
"Redmi Note 13 5G (Chromatic Purple, 12GB RAM, 256GB Storage)",https://m.media-amazon.com/images/I/71MGSe0lcML._AC_UY218_.jpg,3.7 out of 5 stars,"₹19,469"
itel P55T | Android 14 Go |6000mAh Battery with 18W Charger| Upto 8GB RAM with Memory Fusion & 128GB ROM| 50MP AI Dual Rear Camera & 8MP Front Camera | Dynamic Bar|UFS 2.2| Astral Black,https://m.media-amazon.com/images/I/71WUECD86ZL._AC_UY218_.jpg,4.8 out of 5 stars,"₹7,299"
Motorola G04s 4G (4GB RAM & 64GB Storage) (Sea Green),https://m.media-amazon.com/images/I/71m6VWbtCML._AC_UY218_.jpg,5.0 out of 5 stars,No Price
"POCO X6 Neo 5G (Astral Black, 12GB RAM, 256GB Storage)",https://m.media-amazon.com/images/I/61Ml1nEENhL._AC_UY218_.jpg,3.9 out of 5 stars,"₹15,099"
"OnePlus 12R (Cool Blue, 16GB RAM, 256GB Storage)",https://m.media-amazon.com/images/I/717JX3femML._AC_UY218_.jpg,4.4 out of 5 stars,"₹45,999"
"OnePlus 12 (Flowy Emerald, 16GB RAM, 512GB Storage)",https://m.media-amazon.com/images/I/61BAuSC0UnL._AC_UY218_.jpg,4.5 out of 5 stars,"₹69,999"
"iQOO Z9s 5G (Onyx Green, 12GB RAM, 256GB Storage) | 120 Hz 3D Curved AMOLED Display | 5500 mAh Ultra-Thin Battery | Dimesity 7300 5G Processor | Sony IMX882 OIS Camera with Aura Light",https://m.media-amazon.com/images/I/61nO5YRaAxL._AC_UY218_.jpg,No Rating,"₹23,999"
"OPPO F27 5G (Emerald Green, 8GB RAM, 128GB Storage) | 6.67"" FHD+ AMOLED Display|32MP Sony IMX615 Selfie Camera |AI Portrait Expert| 45W SUPERVOOC| with No Cost EMI/Additional Exchange Offers",https://m.media-amazon.com/images/I/81CFCXH1tVL._AC_UY218_.jpg,5.0 out of 5 stars,"₹22,999"
ZORBES® USB Phone Light Rechargeable Camera Fill Light Magnetic Phone Light 3 Color LED Selfie Light for Phone 360 °Rotating Clip On Phone Light Book Light,https://m.media-amazon.com/images/I/71qtG3J-pEL._AC_UY218_.jpg,5.0 out of 5 stars,"₹1,699"
Spigen Ultra Hybrid Back Cover Case for iPhone 8 Plus | 7 Plus (TPU + Poly Carbonate | Black),https://m.media-amazon.com/images/I/61rPT5Jsh8L._AC_UY218_.jpg,4.4 out of 5 stars,"₹1,199"
realme C61 Safari Green 4GB 64GB,https://m.media-amazon.com/images/I/71OpXbqwOeL._AC_UY218_.jpg,5.0 out of 5 stars,"₹7,441"
"Moto G85 5G (256, Cobalt Blue, New)",https://m.media-amazon.com/images/I/61hmOBpQh-L._AC_UY218_.jpg,2.9 out of 5 stars,"₹21,302"
Motorola G04s Satin Blue 4GB 64GB,https://m.media-amazon.com/images/I/51xLZ7PsCZL._AC_UY218_.jpg,4.0 out of 5 stars,"₹7,227"
"Redmi Note 13 5G (Arctic White, 8GB RAM, 256GB Storage) | 5G Ready | 120Hz Bezel-Less AMOLED | 7.mm Slimmest Note Ever | 108MP Pro-Grade Camera",https://m.media-amazon.com/images/I/71VW8LmqqPL._AC_UY218_.jpg,3.7 out of 5 stars,"₹18,998"
"realme 13 Pro+ 5G (256, Emerald Green, New)",https://m.media-amazon.com/images/I/81o8YEDSqZL._AC_UY218_.jpg,4.5 out of 5 stars,"₹30,894"
"Samsung Galaxy M35 5G (Moonlight Blue,8GB RAM,128GB Storage)| Corning Gorilla Glass Victus+| AnTuTu Score 595K+ | Vapour Cooling Chamber | 6000mAh Battery | 120Hz Super AMOLED Display| Without Charger",https://m.media-amazon.com/images/I/81K450cOJML._AC_UY218_.jpg,4.2 out of 5 stars,"₹21,499"
"Samsung Galaxy S21 FE 5G (Lavender, 8GB RAM, 256GB Storage) with Snapdragon 888 Processor",https://m.media-amazon.com/images/I/71SevKMKB6L._AC_UY218_.jpg,3.8 out of 5 stars,"₹29,990"
itel A70 | 12GB* RAM + 64GB ROM| 13MP Dual Rear Camera & 8MP Front Camera | 5000mAh Battery with Type-C Charging | Dynamic Bar | Side Fingerprint Sensor | Octa-Core Processor | Azure Blue,https://m.media-amazon.com/images/I/61lEyQKBJdL._AC_UY218_.jpg,3.9 out of 5 stars,"₹6,499"
Apple iPhone 13 (128GB) - Pink,https://m.media-amazon.com/images/I/61l9ppRIiqL._AC_UY218_.jpg,4.5 out of 5 stars,"₹51,999"
"Redmi Note 13 Pro (Arctic White, 8GB RAM, 128GB Storage) | 1.5K AMOLED | 200MP Hi-Res Camera | Flagship 4nm SD 7s Gen 2 | 67W TurboCharge",https://m.media-amazon.com/images/I/71XQD0wtMPL._AC_UY218_.jpg,4.0 out of 5 stars,"₹24,998"
"Lava Blaze Curve 5G (Glass Iron, 8GB LPDDR5 RAM, UFS 3.1 128GB Storage) | 120Hz Curved Amoled Display |2.6GHz Dimensity 7050 6nm Processor | 64 MP Primary Sony Sensor",https://m.media-amazon.com/images/I/61sEoRmsLlL._AC_UY218_.jpg,3.8 out of 5 stars,"₹17,998"
"POCO X6 5G (Skyline Blue, 8 GB RAM 256 GB Storage)",https://m.media-amazon.com/images/I/61P4xUmXo7L._AC_UY218_.jpg,4.1 out of 5 stars,"₹18,499"
"iQOO Z9s Pro 5G (Flamboyant Orange, 8GB RAM, 128GB Storage) | Snapdragon 7 Gen 3 Processor | 120 Hz Curved AMOLED Display with 4500 nits Local Peak Brightness | 5500 mAh Battery | AI Erase",https://m.media-amazon.com/images/I/711ZTkL0l8L._AC_UY218_.jpg,4.8 out of 5 stars,"₹24,999"
"OnePlus 12R (Cool Blue, 16GB RAM, 256GB Storage)",https://m.media-amazon.com/images/I/717JX3femML._AC_UY218_.jpg,4.4 out of 5 stars,"₹45,999"
"Vivo T3x 5G (Crimson Bliss, 128 GB) (6 GB RAM)",https://m.media-amazon.com/images/I/81m1SddJ6-L._AC_UY218_.jpg,3.6 out of 5 stars,"₹14,699"
"iQOO Z9s 5G (Titanium Matte, 12GB RAM, 256GB Storage) | 120 Hz 3D Curved AMOLED Display | 5500 mAh Ultra-Thin Battery | Dimesity 7300 5G Processor | Sony IMX882 OIS Camera with Aura Light",https://m.media-amazon.com/images/I/61BxKJrnbdL._AC_UY218_.jpg,No Rating,"₹23,999"
"OnePlus 12 (Flowy Emerald, 16GB RAM, 512GB Storage)",https://m.media-amazon.com/images/I/61BAuSC0UnL._AC_UY218_.jpg,4.5 out of 5 stars,"₹69,999"
"iQOO Z9s 5G (Onyx Green, 12GB RAM, 256GB Storage) | 120 Hz 3D Curved AMOLED Display | 5500 mAh Ultra-Thin Battery | Dimesity 7300 5G Processor | Sony IMX882 OIS Camera with Aura Light",https://m.media-amazon.com/images/I/61nO5YRaAxL._AC_UY218_.jpg,No Rating,"₹23,999"
"OPPO F27 5G (Emerald Green, 8GB RAM, 128GB Storage) | 6.67"" FHD+ AMOLED Display|32MP Sony IMX615 Selfie Camera |AI Portrait Expert| 45W SUPERVOOC| with No Cost EMI/Additional Exchange Offers",https://m.media-amazon.com/images/I/81CFCXH1tVL._AC_UY218_.jpg,5.0 out of 5 stars,"₹22,999"
"itel A70 (4GB RAM, 128GB ROM) Upto 12GB RAM with Memory Fusion | 13MP Dual Rear Camera & 8MP Front Camera | 5000mAh with Type-C | Dynamic Bar | Side Fingerprint | Octa-Core Processor | Field Green",https://m.media-amazon.com/images/I/71BiGP4u5JL._AC_UY218_.jpg,3.9 out of 5 stars,"₹6,799"
Spigen Liquid Crystal Back Cover Case Compatible with Samsung Galaxy S23 FE 5G (TPU | Crystal Clear),https://m.media-amazon.com/images/I/61hWMo92VHL._AC_UY218_.jpg,4.3 out of 5 stars,"₹1,016"
Apple iPhone 14 (128 GB) - (Product) RED,https://m.media-amazon.com/images/I/611mRs-imxL._AC_UY218_.jpg,4.5 out of 5 stars,"₹62,600"
realme C61 Safari Green 4GB 64GB,https://m.media-amazon.com/images/I/71OpXbqwOeL._AC_UY218_.jpg,5.0 out of 5 stars,"₹7,441"
"Moto G85 5G (256, Cobalt Blue, New)",https://m.media-amazon.com/images/I/61hmOBpQh-L._AC_UY218_.jpg,2.9 out of 5 stars,"₹21,302"
Motorola G04s Satin Blue 4GB 64GB,https://m.media-amazon.com/images/I/51xLZ7PsCZL._AC_UY218_.jpg,4.0 out of 5 stars,"₹7,227"
"Redmi Note 13 5G (Arctic White, 8GB RAM, 256GB Storage) | 5G Ready | 120Hz Bezel-Less AMOLED | 7.mm Slimmest Note Ever | 108MP Pro-Grade Camera",https://m.media-amazon.com/images/I/71VW8LmqqPL._AC_UY218_.jpg,3.7 out of 5 stars,"₹18,998"
"realme 13 Pro+ 5G (256, Emerald Green, New)",https://m.media-amazon.com/images/I/81o8YEDSqZL._AC_UY218_.jpg,4.5 out of 5 stars,"₹30,894"
"Samsung Galaxy M35 5G (Moonlight Blue,8GB RAM,128GB Storage)| Corning Gorilla Glass Victus+| AnTuTu Score 595K+ | Vapour Cooling Chamber | 6000mAh Battery | 120Hz Super AMOLED Display| Without Charger",https://m.media-amazon.com/images/I/81K450cOJML._AC_UY218_.jpg,4.2 out of 5 stars,"₹21,499"
"Samsung Galaxy S21 FE 5G (Lavender, 8GB RAM, 256GB Storage) with Snapdragon 888 Processor",https://m.media-amazon.com/images/I/71SevKMKB6L._AC_UY218_.jpg,3.8 out of 5 stars,"₹29,990"
itel A70 | 12GB* RAM + 64GB ROM| 13MP Dual Rear Camera & 8MP Front Camera | 5000mAh Battery with Type-C Charging | Dynamic Bar | Side Fingerprint Sensor | Octa-Core Processor | Azure Blue,https://m.media-amazon.com/images/I/61lEyQKBJdL._AC_UY218_.jpg,3.9 out of 5 stars,"₹6,499"
POCO C61 Ethereal Blue 4GB RAM 64GB ROM,https://m.media-amazon.com/images/I/712tqhtIw1L._AC_UY218_.jpg,3.9 out of 5 stars,"₹6,599"
"POCO M6 5G (Galactic Black, 4GB RAM, 128GB Storage) | MediaTek Dimensity 6100+ 5G Processor | 5000 mAh Battery + 18W Fast Charging | 50 MP AI Dual-Camera System & Side Fingerprint Sensor",https://m.media-amazon.com/images/I/717hl0-ljZL._AC_UY218_.jpg,3.9 out of 5 stars,"₹8,999"
"POCO X6 Neo 5G (Astral Black, 8GB RAM, 128GB Storage) | Dimensity 6080 Processor | 5000 mAh Battery + 33W Fast Charging | 108MP + 2MP Rear Camera & 16MP Front Camera",https://m.media-amazon.com/images/I/61Ml1nEENhL._AC_UY218_.jpg,3.9 out of 5 stars,"₹13,999"
"Lava Blaze Curve 5G (Glass Viridian, 8GB LPDDR5 RAM, UFS 3.1 128GB Storage) | 120Hz Curved Amoled Display |2.6GHz Dimensity 7050 6nm Processor |64 MP Primary Sony Sensor",https://m.media-amazon.com/images/I/61G7flmHtRL._AC_UY218_.jpg,3.8 out of 5 stars,"₹17,999"
"Redmi 13 5G, Black Diamond, 8GB+128GB | India Debut SD 4 Gen 2 AE | 108MP Pro Grade Camera | 6.79in Largest Display in Segment",https://m.media-amazon.com/images/I/81ndCd07RuL._AC_UY218_.jpg,3.8 out of 5 stars,"₹15,498"
"Vivo T3X 5G (Crimson Bliss, 4GB Ram, 128GB Storage)",https://m.media-amazon.com/images/I/51CG+lXrQIL._AC_UY218_.jpg,No Rating,"₹13,370"
"realme P1 Pro 5G (Parrot Blue, 8GB RAM, 128GB Storage) | Up to 16 GB Dynamic RAM | Snapdragon 6 Gen 1 Processor | 6.7"" Curved AMOLED Display | 50MP + 8MP | 16MP Front Camera | IP65 Water Resistance",https://m.media-amazon.com/images/I/81ve7JbUOFL._AC_UY218_.jpg,4.1 out of 5 stars,"₹18,399"
"POCO X6 5G (Mirror Black, 8 GB RAM 256 GB Storage)",https://m.media-amazon.com/images/I/71n0XBq7HuL._AC_UY218_.jpg,4.1 out of 5 stars,"₹18,499"
"OnePlus Nord 4 5G (Obsidian Midnight, 8GB RAM, 256GB Storage)",https://m.media-amazon.com/images/I/61NbiB1GU-L._AC_UY218_.jpg,4.1 out of 5 stars,"₹32,998"
"Oneplus Nord CE4 (Celadon Marble, 8GB RAM, 256GB Storage)",https://m.media-amazon.com/images/I/61nxQ62qglL._AC_UY218_.jpg,4.2 out of 5 stars,"₹26,999"
"Motorola razr 40 Ultra (Viva Magenta, 8GB RAM, 256GB Storage) | 3.6"" External AMOLED Display | 6.9"" AMOLED 165Hz Display | 32MP Selfie Camera |30W TurboPower Charging | Android 13",https://m.media-amazon.com/images/I/617WN7I3E4L._AC_UY218_.jpg,3.7 out of 5 stars,"₹44,999"
"OnePlus Nord 4 5G (Mercurial Silver, 12GB RAM, 256GB Storage)",https://m.media-amazon.com/images/I/61JOYUJbhcL._AC_UY218_.jpg,3.9 out of 5 stars,"₹35,998"
"SmartLike Robot Ring Thunder Case, Shockproof Hybrid Kickstand Back Case Defender Cover for Moto G40 Fusion - Black (Sliding Camera Window)",https://m.media-amazon.com/images/I/51WGiuaE4jL._AC_UY218_.jpg,4.0 out of 5 stars,₹499
Apple iPhone 15 Plus (128 GB) - Yellow,https://m.media-amazon.com/images/I/713d2it9mhL._AC_UY218_.jpg,4.6 out of 5 stars,"₹80,600"
"Redmi Note 13 Pro+ (Fusion Purple, 12GB RAM, 512GB Storage) | World's First Mediatek 7200 Ultra 5G | 200MP Hi-Res Camera | 1.5K Curved AMOLED | 120W HyperCharge",https://m.media-amazon.com/images/I/819sWoSDFRL._AC_UY218_.jpg,3.8 out of 5 stars,"₹33,499"
"Redmi 11 Prime 5G (Thunder Black, 4GB RAM, 64GB Storage) | Prime Design | MTK Dimensity 700 | 50 MP Dual Cam | 5000mAh | 7 Band 5G",https://m.media-amazon.com/images/I/81lAth+jv+L._AC_UY218_.jpg,4.0 out of 5 stars,"₹11,998"
"realme P1 5G (Phonix Red, 8GB RAM, 256GB Storage)",https://m.media-amazon.com/images/I/710XVU2QtDL._AC_UY218_.jpg,4.0 out of 5 stars,"₹18,999"
"Lava O2 (Majestic Purple, 8GB RAM, UFS 2.2 128GB Storage) |AG Glass Back|T616 Octacore Processor|18W Fast Charging|6.5 inch 90Hz Punch Hole Display|50MP AI Dual Camera|Upto 16GB Expandable RAM",https://m.media-amazon.com/images/I/514Czgj0RsL._AC_UY218_.jpg,3.8 out of 5 stars,No Price
"Redmi A3 (Midnight Black, 6GB RAM, 128GB Storage) | Premium Halo Design | 90Hz Display | Powerful 4G G36 Processor",https://m.media-amazon.com/images/I/71dkUkkFDeL._AC_UY218_.jpg,3.6 out of 5 stars,"₹8,999"
"OnePlus Nord 4 5G (Mercurial Silver, 8GB RAM, 256GB Storage)",https://m.media-amazon.com/images/I/61JOYUJbhcL._AC_UY218_.jpg,4.1 out of 5 stars,"₹32,998"
Infinix hot 40i 8/256 (Horizon Gold),https://m.media-amazon.com/images/I/51cLkiAlt-L._AC_UY218_.jpg,3.3 out of 5 stars,"₹8,680"
"TECNO Spark GO 2024 | Magic Skin Green, (4GB+64GB)| Segment First 90Hz Dot-in Display with Dynamic Port & Dual Speakers with DTS| 5000mAh| 10W Type-C| Fingerprint Sensor| Octa-Core Processor",https://m.media-amazon.com/images/I/61OWPJmPZ5L._AC_UY218_.jpg,4.0 out of 5 stars,"₹7,199"
"Redmi 13 5G, Orchid Pink, 8GB+128GB | India Debut SD 4 Gen 2 AE | 108MP Pro Grade Camera | 6.79in Largest Display in Segment",https://m.media-amazon.com/images/I/81Q9jpYOFdL._AC_UY218_.jpg,3.8 out of 5 stars,"₹15,498"
"OPPO F27 5G (Amber Orange, 8GB RAM, 128GB Storage) | 6.67"" FHD+ AMOLED Display|32MP Sony IMX615 Selfie Camera |AI Portrait Expert| 45W SUPERVOOC| with No Cost EMI/Additional Exchange Offers",https://m.media-amazon.com/images/I/81zSqgluuZL._AC_UY218_.jpg,5.0 out of 5 stars,"₹22,999"
"WeConnect Care 1 Year Accident, Liquid & Screen Damage Protection Plan and 1 Year Extended Warranty Plan for Smart Phones Price Rs.30001 to Rs.35000 (E Mail Delivery Only) Oppo Vivo Samsung Realme",https://m.media-amazon.com/images/I/51Qj+0dz68L._AC_UY218_.jpg,4.3 out of 5 stars,"₹4,399"
"OPPO F27 5G (Emerald Green, 8GB RAM, 256GB Storage) | 6.67"" FHD+ AMOLED Display|32MP Sony IMX615 Selfie Camera |AI Portrait Expert| 45W SUPERVOOC| with No Cost EMI/Additional Exchange Offers",https://m.media-amazon.com/images/I/81CFCXH1tVL._AC_UY218_.jpg,5.0 out of 5 stars,"₹24,999"
"itel Color Pro 5G | Color Changing Back | 6GB RAM+128GB ROM, Upto 12GB RAM with Memory Fusion| | Dimensity 6080|50MP AI Dual Rear Camera| 5000mAh Battery with 18W Type-C Fast Charging|Lavander Fantasy",https://m.media-amazon.com/images/I/71vTksQ2PVL._AC_UY218_.jpg,4.1 out of 5 stars,"₹9,899"
"Coolpad Cool 5 (Red, 4GB RAM, 64GB Storage)",https://m.media-amazon.com/images/I/61xwe+BR5IL._AC_UY218_.jpg,3.5 out of 5 stars,"₹7,498"
"pTron Dynamo Rush 10000mAh 22.5W PD Charging Nano Power Bank with HyperVolt EV Batteries, Fast Charging, supports Xiamo, Redmi, Samsung, iPhone, Oneplus, Oppo, 3 Output & 2 Input Ports (Black)",https://m.media-amazon.com/images/I/51ryi9usnlL._AC_UY218_.jpg,4.6 out of 5 stars,"₹1,499"
"SmartLike Robot Ring Thunder Case, Shockproof Hybrid Kickstand Back Case Defender Cover for Honor 200 Lite - Black (Sliding Camera Window)",https://m.media-amazon.com/images/I/51LkM9qcuoL._AC_UY218_.jpg,No Rating,₹499
WeConnect Care 1 Year Premium Extended Warranty for Mobile Phones (Price Range Rs.30001 to Rs.40000) Oppo Vivo Samsung Phones,https://m.media-amazon.com/images/I/41h1hpv4RcL._AC_UY218_.jpg,3.0 out of 5 stars,"₹1,599"
POCO C65 (Pastel Blue 4GB RAM 128GB Storage),https://m.media-amazon.com/images/I/51Zjp5fq1EL._AC_UY218_.jpg,4.0 out of 5 stars,"₹6,799"
